Workbook
Name _2012.06.11___GFM_Indicator_List: 'Indicator Metadata'!$D$18:$J$36
Name _2012.06.11___GFM_Indicator_List_1: 'Indicator Metadata'!$D$18:$J$36
Name _2012.06.11___GFM_Indicator_List_2: 'Indicator Metadata'!$D$16:$J$36
Name CrisisList: 'Crisis Indicator Data'!$A$13:$A$28
Name CrisisType: VLOOKUP(#REF!,#REF!,2,FALSE)
Name CrisisType: VLOOKUP(#REF!,#REF!,2,FALSE)
Name iCrisisType: INDIRECT(CrisisType)
Name iCrisisType: INDIRECT('Data Reliability'!CrisisType)
Name iCrisisType: INDIRECT(CrisisType)
Name iCrisisType: INDIRECT(CrisisType)
Name iIcons_a5: INDIRECT(#REF!)
Name iIcons_a5: INDIRECT(#REF!)
Name iIcons_a8: INDIRECT(#REF!)
Name iIcons_a8: INDIRECT(#REF!)

Sheet INFORM Severity - country
A1: ="INFORM Severity Index - all countries. Release: "&About!$A$5&"" -> INFORM Severity Index - all countries. Release: August 2026
A2: CRISIS | B2: CRISIS ID | C2: COUNTRY | D2: ISO3 | E2: DRIVERS | F2: INFORM Severity Index | G2: INFORM Severity category | H2: INFORM Severity category | I2: Trend (last 3 months) | J2: Reliability | K2: Impact of the crisis | L2: Geographical | M2: Human | N2: Conditions of people affected | O2: People in need | P2: Concentration of conditions | Q2: Complexity of the crisis | R2: Society and safety | S2: Operating environment | T2: Regions | U2: Last updated
A3: Weights
A4: (a-z) | D4: (a-z) | F4: (1-10) | G4: (1-5) | H4: (Very Low-Very High) | I4: (Decreasing-Stable-Increasing) | J4: (Very Low-Very High) | K4: (1-10) | L4: (1-10) | M4: (1-10) | N4: (1-10) | O4: (1-10) | P4: (1-10) | Q4: (1-10) | R4: (1-10) | S4: (1-10)
A5: {=IFERROR(INDEX(Lists!$B$2:$B$200,SMALL(IF(Lists!$H$2:$H$200="Yes",ROW(Lists!$B$2:$B$200)),ROW(1:1))-1,1),"")} -> Complex crisis in Afghanistan | B5: =VLOOKUP(A5,Lists!$B$2:$G$200,2,FALSE) -> AFG001 | C5: =VLOOKUP(B5,'INFORM Severity - hidden'!$C$5:$D$200,2,FALSE) -> Afghanistan | D5: =VLOOKUP(A5,Lists!$B$2:$G$200,3,FALSE) -> AFG | E5: =VLOOKUP(A5,Lists!$B$2:$G$200,5,FALSE) -> Conflict/ Violence,Political/economic crisis,Floods,Drought/drier conditions,Earthquake | F5: =IF(OR(N5="x",K5="x"),"x",ROUND((10-GEOMEAN(((10-K5)/10*9+1),((10-N5)/10*9+1),((10-N5)/10*9+1)))/9*7+Q5*0.3,1)) -> 9.2 | G5: {=_xlfn.IFS(F5="x", "x", F5<=2, 1, F5<=4, 2, F5<=6, 3, F5<=8, 4, F5<=10, 5)} -> 5 | H5: =IF(N5="x","x",IF(K5="x","x",(IF(G5=5,"Very High",IF(G5=4,"High",IF(G5=3,"Medium",IF(G5=2,"Low","Very Low"))))))) -> Very High | I5: =INDEX(Trends!$D$3:$D$404,MATCH(B5,Trends!$C$3:$C$404,0)) -> Increasing | J5: =VLOOKUP($B5,Reliability!$A$3:$I$300,9,FALSE) -> Very High | K5: =IF(OR(M5="x",L5="x"),"x",(10-GEOMEAN(((10-L5)/10*9+1),((10-M5)/10*9+1),((10-M5)/10*9+1)))/9*10) -> 9.5784237 | L5: =VLOOKUP($B5,'Impact of the crisis'!$C$6:$N$300,12,FALSE) -> 9.8548189 | M5: =VLOOKUP($B5,'Impact of the crisis'!$C$6:$AB$300,26,FALSE) -> 9.4181965 | N5: =VLOOKUP($B5,'Conditions of people affected'!$C$6:$R$300,16,FALSE) -> 9 | O5: =VLOOKUP($B5,'Conditions of people affected'!$C$6:$R$300,9,FALSE) -> 10 | P5: =VLOOKUP($B5,'Conditions of people affected'!$C$6:$R$300,15,FALSE) -> 8 | Q5: =IF(OR(S5="x",R5="x"),R5,(10-GEOMEAN(((10-R5)/10*9+1),((10-S5)/10*9+1)))/9*10) -> 9.2469267 | R5: =VLOOKUP($B5,'Complexity of the crisis'!$C$6:$AN$300,22,FALSE) -> 7.9834458 | S5: =VLOOKUP($B5,'Complexity of the crisis'!$C$6:$AN$300,38,FALSE) -> 10 | T5: =VLOOKUP(B5,Lists!$C$3:$E$300,3,FALSE) -> Asia | U5: =VLOOKUP(B5,'INFORM Severity - hidden'!$C$5:$V$300,20,FALSE) -> 46265
A6: {=IFERROR(INDEX(Lists!$B$2:$B$200,SMALL(IF(Lists!$H$2:$H$200="Yes",ROW(Lists!$B$2:$B$200)),ROW(2:2))-1,1),"")} -> Displacement from Eastern DRC | B6: =VLOOKUP(A6,Lists!$B$2:$G$200,2,FALSE) -> BDI004 | C6: =VLOOKUP(B6,'INFORM Severity - hidden'!$C$5:$D$200,2,FALSE) -> Burundi | D6: =VLOOKUP(A6,Lists!$B$2:$G$200,3,FALSE) -> BDI | E6: =VLOOKUP(A6,Lists!$B$2:$G$200,5,FALSE) -> International Displacement | F6: =IF(OR(N6="x",K6="x"),"x",ROUND((10-GEOMEAN(((10-K6)/10*9+1),((10-N6)/10*9+1),((10-N6)/10*9+1)))/9*7+Q6*0.3,1)) -> 5.2 | G6: {=_xlfn.IFS(F6="x", "x", F6<=2, 1, F6<=4, 2, F6<=6, 3, F6<=8, 4, F6<=10, 5)} -> 3 | H6: =IF(N6="x","x",IF(K6="x","x",(IF(G6=5,"Very High",IF(G6=4,"High",IF(G6=3,"Medium",IF(G6=2,"Low","Very Low"))))))) -> Medium | I6: =INDEX(Trends!$D$3:$D$404,MATCH(B6,Trends!$C$3:$C$404,0)) -> Increasing | J6: =VLOOKUP($B6,Reliability!$A$3:$I$300,9,FALSE) -> Very High | K6: =IF(OR(M6="x",L6="x"),"x",(10-GEOMEAN(((10-L6)/10*9+1),((10-M6)/10*9+1),((10-M6)/10*9+1)))/9*10) -> 4.9986878 | L6: =VLOOKUP($B6,'Impact of the crisis'!$C$6:$N$300,12,FALSE) -> 3.2005208 | M6: =VLOOKUP($B6,'Impact of the crisis'!$C$6:$AB$300,26,FALSE) -> 5.7381254 | N6: =VLOOKUP($B6,'Conditions of people affected'!$C$6:$R$300,16,FALSE) -> 4.9977618 | O6: =VLOOKUP($B6,'Conditions of people affected'!$C$6:$R$300,9,FALSE) -> 3.9955236 | P6: =VLOOKUP($B6,'Conditions of people affected'!$C$6:$R$300,15,FALSE) -> 6 | Q6: =IF(OR(S6="x",R6="x"),R6,(10-GEOMEAN(((10-R6)/10*9+1),((10-S6)/10*9+1)))/9*10) -> 5.7841694 | R6: =VLOOKUP($B6,'Complexity of the crisis'!$C$6:$AN$300,22,FALSE) -> 6.0539473 | S6: =VLOOKUP($B6,'Complexity of the crisis'!$C$6:$AN$300,38,FALSE) -> 5.5 | T6: =VLOOKUP(B6,Lists!$C$3:$E$300,3,FALSE) -> Africa | U6: =VLOOKUP(B6,'INFORM Severity - hidden'!$C$5:$V$300,20,FALSE) -> 46259
A7: {=IFERROR(INDEX(Lists!$B$2:$B$200,SMALL(IF(Lists!$H$2:$H$200="Yes",ROW(Lists!$B$2:$B$200)),ROW(3:3))-1,1),"")} -> Conflict in northern region of Benin | B7: =VLOOKUP(A7,Lists!$B$2:$G$200,2,FALSE) -> BEN002 | C7: =VLOOKUP(B7,'INFORM Severity - hidden'!$C$5:$D$200,2,FALSE) -> Benin | D7: =VLOOKUP(A7,Lists!$B$2:$G$200,3,FALSE) -> BEN | E7: =VLOOKUP(A7,Lists!$B$2:$G$200,5,FALSE) -> Conflict/ Violence | F7: =IF(OR(N7="x",K7="x"),"x",ROUND((10-GEOMEAN(((10-K7)/10*9+1),((10-N7)/10*9+1),((10-N7)/10*9+1)))/9*7+Q7*0.3,1)) -> 4.7 | G7: {=_xlfn.IFS(F7="x", "x", F7<=2, 1, F7<=4, 2, F7<=6, 3, F7<=8, 4, F7<=10, 5)} -> 3 | H7: =IF(N7="x","x",IF(K7="x","x",(IF(G7=5,"Very High",IF(G7=4,"High",IF(G7=3,"Medium",IF(G7=2,"Low","Very Low"))))))) -> Medium | I7: =INDEX(Trends!$D$3:$D$404,MATCH(B7,Trends!$C$3:$C$404,0)) -> Increasing | J7: =VLOOKUP($B7,Reliability!$A$3:$I$300,9,FALSE) -> High | K7: =IF(OR(M7="x",L7="x"),"x",(10-GEOMEAN(((10-L7)/10*9+1),((10-M7)/10*9+1),((10-M7)/10*9+1)))/9*10) -> 4.813692 | L7: =VLOOKUP($B7,'Impact of the crisis'!$C$6:$N$300,12,FALSE) -> 3.5816787 | M7: =VLOOKUP($B7,'Impact of the crisis'!$C$6:$AB$300,26,FALSE) -> 5.3519029 | N7: =VLOOKUP($B7,'Conditions of people affected'!$C$6:$R$300,16,FALSE) -> 4.6348791 | O7: =VLOOKUP($B7,'Conditions of people affected'!$C$6:$R$300,9,FALSE) -> 3.4039643 | P7: =VLOOKUP($B7,'Conditions of people affected'!$C$6:$R$300,15,FALSE) -> 5.8657938 | Q7: =IF(OR(S7="x",R7="x"),R7,(10-GEOMEAN(((10-R7)/10*9+1),((10-S7)/10*9+1)))/9*10) -> 4.5963951 | R7: =VLOOKUP($B7,'Complexity of the crisis'!$C$6:$AN$300,22,FALSE) -> 5.1427718 | S7: =VLOOKUP($B7,'Complexity of the crisis'!$C$6:$AN$300,38,FALSE) -> 4 | T7: =VLOOKUP(B7,Lists!$C$3:$E$300,3,FALSE) -> Africa | U7: =VLOOKUP(B7,'INFORM Severity - hidden'!$C$5:$V$300,20,FALSE) -> 46260
A8: {=IFERROR(INDEX(Lists!$B$2:$B$200,SMALL(IF(Lists!$H$2:$H$200="Yes",ROW(Lists!$B$2:$B$200)),ROW(4:4))-1,1),"")} -> Conflict and Climatic Shocks in Burkina Faso | B8: =VLOOKUP(A8,Lists!$B$2:$G$200,2,FALSE) -> BFA002 | C8: =VLOOKUP(B8,'INFORM Severity - hidden'!$C$5:$D$200,2,FALSE) -> Burkina Faso | D8: =VLOOKUP(A8,Lists!$B$2:$G$200,3,FALSE) -> BFA | E8: =VLOOKUP(A8,Lists!$B$2:$G$200,5,FALSE) -> Conflict/ Violence,Drought/drier conditions,Floods | F8: =IF(OR(N8="x",K8="x"),"x",ROUND((10-GEOMEAN(((10-K8)/10*9+1),((10-N8)/10*9+1),((10-N8)/10*9+1)))/9*7+Q8*0.3,1)) -> 8.4 | G8: {=_xlfn.IFS(F8="x", "x", F8<=2, 1, F8<=4, 2, F8<=6, 3, F8<=8, 4, F8<=10, 5)} -> 5 | H8: =IF(N8="x","x",IF(K8="x","x",(IF(G8=5,"Very High",IF(G8=4,"High",IF(G8=3,"Medium",IF(G8=2,"Low","Very Low"))))))) -> Very High | I8: =INDEX(Trends!$D$3:$D$404,MATCH(B8,Trends!$C$3:$C$404,0)) -> Stable | J8: =VLOOKUP($B8,Reliability!$A$3:$I$300,9,FALSE) -> High | K8: =IF(OR(M8="x",L8="x"),"x",(10-GEOMEAN(((10-L8)/10*9+1),((10-M8)/10*9+1),((10-M8)/10*9+1)))/9*10) -> 8.6112931 | L8: =VLOOKUP($B8,'Impact of the crisis'!$C$6:$N$300,12,FALSE) -> 9.3542845 | M8: =VLOOKUP($B8,'Impact of the crisis'!$C$6:$AB$300,26,FALSE) -> 8.1291763 | N8: =VLOOKUP($B8,'Conditions of people affected'!$C$6:$R$300,16,FALSE) -> 8.4111629 | O8: =VLOOKUP($B8,'Conditions of people affected'!$C$6:$R$300,9,FALSE) -> 8.8223258 | P8: =VLOOKUP($B8,'Conditions of people affected'!$C$6:$R$300,15,FALSE) -> 8 | Q8: =IF(OR(S8="x",R8="x"),R8,(10-GEOMEAN(((10-R8)/10*9+1),((10-S8)/10*9+1)))/9*10) -> 8.0905786 | R8: =VLOOKUP($B8,'Complexity of the crisis'!$C$6:$AN$300,22,FALSE) -> 6.7893978 | S8: =VLOOKUP($B8,'Complexity of the crisis'!$C$6:$AN$300,38,FALSE) -> 9 | T8: =VLOOKUP(B8,Lists!$C$3:$E$300,3,FALSE) -> Africa | U8: =VLOOKUP(B8,'INFORM Severity - hidden'!$C$5:$V$300,20,FALSE) -> 46260
A9: {=IFERROR(INDEX(Lists!$B$2:$B$200,SMALL(IF(Lists!$H$2:$H$200="Yes",ROW(Lists!$B$2:$B$200)),ROW(5:5))-1,1),"")} -> Multiple crises in Bangladesh | B9: =VLOOKUP(A9,Lists!$B$2:$G$200,2,FALSE) -> BGD001 | C9: =VLOOKUP(B9,'INFORM Severity - hidden'!$C$5:$D$200,2,FALSE) -> Bangladesh | D9: =VLOOKUP(A9,Lists!$B$2:$G$200,3,FALSE) -> BGD | E9: =VLOOKUP(A9,Lists!$B$2:$G$200,5,FALSE) -> International Displacement,Floods,Cyclone,Political/economic crisis | F9: =IF(OR(N9="x",K9="x"),"x",ROUND((10-GEOMEAN(((10-K9)/10*9+1),((10-N9)/10*9+1),((10-N9)/10*9+1)))/9*7+Q9*0.3,1)) -> 6.9 | G9: {=_xlfn.IFS(F9="x", "x", F9<=2, 1, F9<=4, 2, F9<=6, 3, F9<=8, 4, F9<=10, 5)} -> 4 | H9: =IF(N9="x","x",IF(K9="x","x",(IF(G9=5,"Very High",IF(G9=4,"High",IF(G9=3,"Medium",IF(G9=2,"Low","Very Low"))))))) -> High | I9: =INDEX(Trends!$D$3:$D$404,MATCH(B9,Trends!$C$3:$C$404,0)) -> Increasing | J9: =VLOOKUP($B9,Reliability!$A$3:$I$300,9,FALSE) -> Very High | K9: =IF(OR(M9="x",L9="x"),"x",(10-GEOMEAN(((10-L9)/10*9+1),((10-M9)/10*9+1),((10-M9)/10*9+1)))/9*10) -> 6.4191677 | L9: =VLOOKUP($B9,'Impact of the crisis'!$C$6:$N$300,12,FALSE) -> 7.3165956 | M9: =VLOOKUP($B9,'Impact of the crisis'!$C$6:$AB$300,26,FALSE) -> 5.893749 | N9: =VLOOKUP($B9,'Conditions of people affected'!$C$6:$R$300,16,FALSE) -> 8.0974046 | O9: =VLOOKUP($B9,'Conditions of people affected'!$C$6:$R$300,9,FALSE) -> 10 | P9: =VLOOKUP($B9,'Conditions of people affected'!$C$6:$R$300,15,FALSE) -> 6.1948091 | Q9: =IF(OR(S9="x",R9="x"),R9,(10-GEOMEAN(((10-R9)/10*9+1),((10-S9)/10*9+1)))/9*10) -> 5.098465 | R9: =VLOOKUP($B9,'Complexity of the crisis'!$C$6:$AN$300,22,FALSE) -> 4.668196 | S9: =VLOOKUP($B9,'Complexity of the crisis'!$C$6:$AN$300,38,FALSE) -> 5.5 | T9: =VLOOKUP(B9,Lists!$C$3:$E$300,3,FALSE) -> Asia | U9: =VLOOKUP(B9,'INFORM Severity - hidden'!$C$5:$V$300,20,FALSE) -> 46265
A10: {=IFERROR(INDEX(Lists!$B$2:$B$200,SMALL(IF(Lists!$H$2:$H$200="Yes",ROW(Lists!$B$2:$B$200)),ROW(6:6))-1,1),"")} -> Displacement from Venezuela to Brazil | B10: =VLOOKUP(A10,Lists!$B$2:$G$200,2,FALSE) -> BRA002 | C10: =VLOOKUP(B10,'INFORM Severity - hidden'!$C$5:$D$200,2,FALSE) -> Brazil | D10: =VLOOKUP(A10,Lists!$B$2:$G$200,3,FALSE) -> BRA | E10: =VLOOKUP(A10,Lists!$B$2:$G$200,5,FALSE) -> International Displacement | F10: =IF(OR(N10="x",K10="x"),"x",ROUND((10-GEOMEAN(((10-K10)/10*9+1),((10-N10)/10*9+1),((10-N10)/10*9+1)))/9*7+Q10*0.3,1)) -> 5.2 | G10: {=_xlfn.IFS(F10="x", "x", F10<=2, 1, F10<=4, 2, F10<=6, 3, F10<=8, 4, F10<=10, 5)} -> 3 | H10: =IF(N10="x","x",IF(K10="x","x",(IF(G10=5,"Very High",IF(G10=4,"High",IF(G10=3,"Medium",IF(G10=2,"Low","Very Low"))))))) -> Medium | I10: =INDEX(Trends!$D$3:$D$404,MATCH(B10,Trends!$C$3:$C$404,0)) -> Decreasing | J10: =VLOOKUP($B10,Reliability!$A$3:$I$300,9,FALSE) -> Medium | K10: =IF(OR(M10="x",L10="x"),"x",(10-GEOMEAN(((10-L10)/10*9+1),((10-M10)/10*9+1),((10-M10)/10*9+1)))/9*10) -> 7.4869034 | L10: =VLOOKUP($B10,'Impact of the crisis'!$C$6:$N$300,12,FALSE) -> 8.1391472 | M10: =VLOOKUP($B10,'Impact of the crisis'!$C$6:$AB$300,26,FALSE) -> 7.1089197 | N10: =VLOOKUP($B10,'Conditions of people affected'!$C$6:$R$300,16,FALSE) -> 4.1683117 | O10: =VLOOKUP($B10,'Conditions of people affected'!$C$6:$R$300,9,FALSE) -> 5.8272934 | P10: =VLOOKUP($B10,'Conditions of people affected'!$C$6:$R$300,15,FALSE) -> 2.5093299 | Q10: =IF(OR(S10="x",R10="x"),R10,(10-GEOMEAN(((10-R10)/10*9+1),((10-S10)/10*9+1)))/9*10) -> 4.5067709 | R10: =VLOOKUP($B10,'Complexity of the crisis'!$C$6:$AN$300,22,FALSE) -> 4.9774269 | S10: =VLOOKUP($B10,'Complexity of the crisis'!$C$6:$AN$300,38,FALSE) -> 4 | T10: =VLOOKUP(B10,Lists!$C$3:$E$300,3,FALSE) -> Americas | U10: =VLOOKUP(B10,'INFORM Severity - hidden'!$C$5:$V$300,20,FALSE) -> 46265
A11: {=IFERROR(INDEX(Lists!$B$2:$B$200,SMALL(IF(Lists!$H$2:$H$200="Yes",ROW(Lists!$B$2:$B$200)),ROW(7:7))-1,1),"")} -> Conflict and Climatic Shocks in CAR | B11: =VLOOKUP(A11,Lists!$B$2:$G$200,2,FALSE) -> CAF001 | C11: =VLOOKUP(B11,'INFORM Severity - hidden'!$C$5:$D$200,2,FALSE) -> Central African Republic | D11: =VLOOKUP(A11,Lists!$B$2:$G$200,3,FALSE) -> CAF | E11: =VLOOKUP(A11,Lists!$B$2:$G$200,5,FALSE) -> Conflict/ Violence,Floods | F11: =IF(OR(N11="x",K11="x"),"x",ROUND((10-GEOMEAN(((10-K11)/10*9+1),((10-N11)/10*9+1),((10-N11)/10*9+1)))/9*7+Q11*0.3,1)) -> 8 | G11: {=_xlfn.IFS(F11="x", "x", F11<=2, 1, F11<=4, 2, F11<=6, 3, F11<=8, 4, F11<=10, 5)} -> 4 | H11: =IF(N11="x","x",IF(K11="x","x",(IF(G11=5,"Very High",IF(G11=4,"High",IF(G11=3,"Medium",IF(G11=2,"Low","Very Low"))))))) -> High | I11: =INDEX(Trends!$D$3:$D$404,MATCH(B11,Trends!$C$3:$C$404,0)) -> Stable | J11: =VLOOKUP($B11,Reliability!$A$3:$I$300,9,FALSE) -> High | K11: =IF(OR(M11="x",L11="x"),"x",(10-GEOMEAN(((10-L11)/10*9+1),((10-M11)/10*9+1),((10-M11)/10*9+1)))/9*10) -> 8.5901502 | L11: =VLOOKUP($B11,'Impact of the crisis'!$C$6:$N$300,12,FALSE) -> 8.8042929 | M11: =VLOOKUP($B11,'Impact of the crisis'!$C$6:$AB$300,26,FALSE) -> 8.4757358 | N11: =VLOOKUP($B11,'Conditions of people affected'!$C$6:$R$300,16,FALSE) -> 7.8692477 | O11: =VLOOKUP($B11,'Conditions of people affected'!$C$6:$R$300,9,FALSE) -> 7.8172587 | P11: =VLOOKUP($B11,'Conditions of people affected'!$C$6:$R$300,15,FALSE) -> 7.9212367 | Q11: =IF(OR(S11="x",R11="x"),R11,(10-GEOMEAN(((10-R11)/10*9+1),((10-S11)/10*9+1)))/9*10) -> 7.7320969 | R11: =VLOOKUP($B11,'Complexity of the crisis'!$C$6:$AN$300,22,FALSE) -> 6.7383606 | S11: =VLOOKUP($B11,'Complexity of the crisis'!$C$6:$AN$300,38,FALSE) -> 8.5 | T11: =VLOOKUP(B11,Lists!$C$3:$E$300,3,FALSE) -> Africa | U11: =VLOOKUP(B11,'INFORM Severity - hidden'!$C$5:$V$300,20,FALSE) -> 46265
A12: {=IFERROR(INDEX(Lists!$B$2:$B$200,SMALL(IF(Lists!$H$2:$H$200="Yes",ROW(Lists!$B$2:$B$200)),ROW(8:8))-1,1),"")} -> Displacement from Venezuela to Chile | B12: =VLOOKUP(A12,Lists!$B$2:$G$200,2,FALSE) -> CHL002 | C12: =VLOOKUP(B12,'INFORM Severity - hidden'!$C$5:$D$200,2,FALSE) -> Chile | D12: =VLOOKUP(A12,Lists!$B$2:$G$200,3,FALSE) -> CHL | E12: =VLOOKUP(A12,Lists!$B$2:$G$200,5,FALSE) -> International Displacement | F12: =IF(OR(N12="x",K12="x"),"x",ROUND((10-GEOMEAN(((10-K12)/10*9+1),((10-N12)/10*9+1),((10-N12)/10*9+1)))/9*7+Q12*0.3,1)) -> 5 | G12: {=_xlfn.IFS(F12="x", "x", F12<=2, 1, F12<=4, 2, F12<=6, 3, F12<=8, 4, F12<=10, 5)} -> 3 | H12: =IF(N12="x","x",IF(K12="x","x",(IF(G12=5,"Very High",IF(G12=4,"High",IF(G12=3,"Medium",IF(G12=2,"Low","Very Low"))))))) -> Medium | I12: =INDEX(Trends!$D$3:$D$404,MATCH(B12,Trends!$C$3:$C$404,0)) -> Stable | J12: =VLOOKUP($B12,Reliability!$A$3:$I$300,9,FALSE) -> Very High | K12: =IF(OR(M12="x",L12="x"),"x",(10-GEOMEAN(((10-L12)/10*9+1),((10-M12)/10*9+1),((10-M12)/10*9+1)))/9*10) -> 5.8390041 | L12: =VLOOKUP($B12,'Impact of the crisis'!$C$6:$N$300,12,FALSE) -> 7.4345038 | M12: =VLOOKUP($B12,'Impact of the crisis'!$C$6:$AB$300,26,FALSE) -> 4.7978652 | N12: =VLOOKUP($B12,'Conditions of people affected'!$C$6:$R$300,16,FALSE) -> 5.6418975 | O12: =VLOOKUP($B12,'Conditions of people affected'!$C$6:$R$300,9,FALSE) -> 5.8730928 | P12: =VLOOKUP($B12,'Conditions of people affected'!$C$6:$R$300,15,FALSE) -> 5.4107023 | Q12: =IF(OR(S12="x",R12="x"),R12,(10-GEOMEAN(((10-R12)/10*9+1),((10-S12)/10*9+1)))/9*10) -> 3.3785691 | R12: =VLOOKUP($B12,'Complexity of the crisis'!$C$6:$AN$300,22,FALSE) -> 2.066912 | S12: =VLOOKUP($B12,'Complexity of the crisis'!$C$6:$AN$300,38,FALSE) -> 4.5 | T12: =VLOOKUP(B12,Lists!$C$3:$E$300,3,FALSE) -> Americas | U12: =VLOOKUP(B12,'INFORM Severity - hidden'!$C$5:$V$300,20,FALSE) -> 46265
A13: {=IFERROR(INDEX(Lists!$B$2:$B$200,SMALL(IF(Lists!$H$2:$H$200="Yes",ROW(Lists!$B$2:$B$200)),ROW(9:9))-1,1),"")} -> Displacement from Burkina Faso to northern Côte d’Ivoire | B13: =VLOOKUP(A13,Lists!$B$2:$G$200,2,FALSE) -> CIV002 | C13: =VLOOKUP(B13,'INFORM Severity - hidden'!$C$5:$D$200,2,FALSE) -> Ivory Coast | D13: =VLOOKUP(A13,Lists!$B$2:$G$200,3,FALSE) -> CIV | E13: =VLOOKUP(A13,Lists!$B$2:$G$200,5,FALSE) -> International Displacement | F13: =IF(OR(N13="x",K13="x"),"x",ROUND((10-GEOMEAN(((10-K13)/10*9+1),((10-N13)/10*9+1),((10-N13)/10*9+1)))/9*7+Q13*0.3,1)) -> 4.4 | G13: {=_xlfn.IFS(F13="x", "x", F13<=2, 1, F13<=4, 2, F13<=6, 3, F13<=8, 4, F13<=10, 5)} -> 3 | H13: =IF(N13="x","x",IF(K13="x","x",(IF(G13=5,"Very High",IF(G13=4,"High",IF(G13=3,"Medium",IF(G13=2,"Low","Very Low"))))))) -> Medium | I13: =INDEX(Trends!$D$3:$D$404,MATCH(B13,Trends!$C$3:$C$404,0)) -> Increasing | J13: =VLOOKUP($B13,Reliability!$A$3:$I$300,9,FALSE) -> Medium | K13: =IF(OR(M13="x",L13="x"),"x",(10-GEOMEAN(((10-L13)/10*9+1),((10-M13)/10*9+1),((10-M13)/10*9+1)))/9*10) -> 4.3647819 | L13: =VLOOKUP($B13,'Impact of the crisis'!$C$6:$N$300,12,FALSE) -> 1.276154 | M13: =VLOOKUP($B13,'Impact of the crisis'!$C$6:$AB$300,26,FALSE) -> 5.523643 | N13: =VLOOKUP($B13,'Conditions of people affected'!$C$6:$R$300,16,FALSE) -> 4.6141382 | O13: =VLOOKUP($B13,'Conditions of people affected'!$C$6:$R$300,9,FALSE) -> 3.2282765 | P13: =VLOOKUP($B13,'Conditions of people affected'!$C$6:$R$300,15,FALSE) -> 6 | Q13: =IF(OR(S13="x",R13="x"),R13,(10-GEOMEAN(((10-R13)/10*9+1),((10-S13)/10*9+1)))/9*10) -> 4.2104998 | R13: =VLOOKUP($B13,'Complexity of the crisis'!$C$6:$AN$300,22,FALSE) -> 5.240345 | S13: =VLOOKUP($B13,'Complexity of the crisis'!$C$6:$AN$300,38,FALSE) -> 3 | T13: =VLOOKUP(B13,Lists!$C$3:$E$300,3,FALSE) -> Africa | U13: =VLOOKUP(B13,'INFORM Severity - hidden'!$C$5:$V$300,20,FALSE) -> 46260
A14: {=IFERROR(INDEX(Lists!$B$2:$B$200,SMALL(IF(Lists!$H$2:$H$200="Yes",ROW(Lists!$B$2:$B$200)),ROW(10:10))-1,1),"")} -> Complex crisis in Cameroon | B14: =VLOOKUP(A14,Lists!$B$2:$G$200,2,FALSE) -> CMR005 | C14: =VLOOKUP(B14,'INFORM Severity - hidden'!$C$5:$D$200,2,FALSE) -> Cameroon | D14: =VLOOKUP(A14,Lists!$B$2:$G$200,3,FALSE) -> CMR | E14: =VLOOKUP(A14,Lists!$B$2:$G$200,5,FALSE) -> International Displacement,Conflict/ Violence,Floods | F14: =IF(OR(N14="x",K14="x"),"x",ROUND((10-GEOMEAN(((10-K14)/10*9+1),((10-N14)/10*9+1),((10-N14)/10*9+1)))/9*7+Q14*0.3,1)) -> 8.2 | G14: {=_xlfn.IFS(F14="x", "x", F14<=2, 1, F14<=4, 2, F14<=6, 3, F14<=8, 4, F14<=10, 5)} -> 5 | H14: =IF(N14="x","x",IF(K14="x","x",(IF(G14=5,"Very High",IF(G14=4,"High",IF(G14=3,"Medium",IF(G14=2,"Low","Very Low"))))))) -> Very High | I14: =INDEX(Trends!$D$3:$D$404,MATCH(B14,Trends!$C$3:$C$404,0)) -> Increasing | J14: =VLOOKUP($B14,Reliability!$A$3:$I$300,9,FALSE) -> High | K14: =IF(OR(M14="x",L14="x"),"x",(10-GEOMEAN(((10-L14)/10*9+1),((10-M14)/10*9+1),((10-M14)/10*9+1)))/9*10) -> 8.958582 | L14: =VLOOKUP($B14,'Impact of the crisis'!$C$6:$N$300,12,FALSE) -> 9.1230233 | M14: =VLOOKUP($B14,'Impact of the crisis'!$C$6:$AB$300,26,FALSE) -> 8.871329 | N14: =VLOOKUP($B14,'Conditions of people affected'!$C$6:$R$300,16,FALSE) -> 8.0982331 | O14: =VLOOKUP($B14,'Conditions of people affected'!$C$6:$R$300,9,FALSE) -> 8.1964662 | P14: =VLOOKUP($B14,'Conditions of people affected'!$C$6:$R$300,15,FALSE) -> 8 | Q14: =IF(OR(S14="x",R14="x"),R14,(10-GEOMEAN(((10-R14)/10*9+1),((10-S14)/10*9+1)))/9*10) -> 7.7441393 | R14: =VLOOKUP($B14,'Complexity of the crisis'!$C$6:$AN$300,22,FALSE) -> 6.7694732 | S14: =VLOOKUP($B14,'Complexity of the crisis'!$C$6:$AN$300,38,FALSE) -> 8.5 | T14: =VLOOKUP(B14,Lists!$C$3:$E$300,3,FALSE) -> Africa | U14: =VLOOKUP(B14,'INFORM Severity - hidden'!$C$5:$V$300,20,FALSE) -> 46260
A15: {=IFERROR(INDEX(Lists!$B$2:$B$200,SMALL(IF(Lists!$H$2:$H$200="Yes",ROW(Lists!$B$2:$B$200)),ROW(11:11))-1,1),"")} -> Complex crisis in DRC | B15: =VLOOKUP(A15,Lists!$B$2:$G$200,2,FALSE) -> COD001 | C15: =VLOOKUP(B15,'INFORM Severity - hidden'!$C$5:$D$200,2,FALSE) -> Democratic Republic of the Congo | D15: =VLOOKUP(A15,Lists!$B$2:$G$200,3,FALSE) -> COD | E15: =VLOOKUP(A15,Lists!$B$2:$G$200,5,FALSE) -> Conflict/ Violence,Floods | F15: =IF(OR(N15="x",K15="x"),"x",ROUND((10-GEOMEAN(((10-K15)/10*9+1),((10-N15)/10*9+1),((10-N15)/10*9+1)))/9*7+Q15*0.3,1)) -> 9.2 | G15: {=_xlfn.IFS(F15="x", "x", F15<=2, 1, F15<=4, 2, F15<=6, 3, F15<=8, 4, F15<=10, 5)} -> 5 | H15: =IF(N15="x","x",IF(K15="x","x",(IF(G15=5,"Very High",IF(G15=4,"High",IF(G15=3,"Medium",IF(G15=2,"Low","Very Low"))))))) -> Very High | I15: =INDEX(Trends!$D$3:$D$404,MATCH(B15,Trends!$C$3:$C$404,0)) -> Increasing | J15: =VLOOKUP($B15,Reliability!$A$3:$I$300,9,FALSE) -> Very High | K15: =IF(OR(M15="x",L15="x"),"x",(10-GEOMEAN(((10-L15)/10*9+1),((10-M15)/10*9+1),((10-M15)/10*9+1)))/9*10) -> 9.3968044 | L15: =VLOOKUP($B15,'Impact of the crisis'!$C$6:$N$300,12,FALSE) -> 10 | M15: =VLOOKUP($B15,'Impact of the crisis'!$C$6:$AB$300,26,FALSE) -> 8.9817269 | N15: =VLOOKUP($B15,'Conditions of people affected'!$C$6:$R$300,16,FALSE) -> 8.9870912 | O15: =VLOOKUP($B15,'Conditions of people affected'!$C$6:$R$300,9,FALSE) -> 10 | P15: =VLOOKUP($B15,'Conditions of people affected'!$C$6:$R$300,15,FALSE) -> 7.9741825 | Q15: =IF(OR(S15="x",R15="x"),R15,(10-GEOMEAN(((10-R15)/10*9+1),((10-S15)/10*9+1)))/9*10) -> 9.2177642 | R15: =VLOOKUP($B15,'Complexity of the crisis'!$C$6:$AN$300,22,FALSE) -> 7.8848249 | S15: =VLOOKUP($B15,'Complexity of the crisis'!$C$6:$AN$300,38,FALSE) -> 10 | T15: =VLOOKUP(B15,Lists!$C$3:$E$300,3,FALSE) -> Africa | U15: =VLOOKUP(B15,'INFORM Severity - hidden'!$C$5:$V$300,20,FALSE) -> 46260
A16: {=IFERROR(INDEX(Lists!$B$2:$B$200,SMALL(IF(Lists!$H$2:$H$200="Yes",ROW(Lists!$B$2:$B$200)),ROW(12:12))-1,1),"")} -> Multiple Crises in Colombia | B16: =VLOOKUP(A16,Lists!$B$2:$G$200,2,FALSE) -> COL004 | C16: =VLOOKUP(B16,'INFORM Severity - hidden'!$C$5:$D$200,2,FALSE) -> Colombia | D16: =VLOOKUP(A16,Lists!$B$2:$G$200,3,FALSE) -> COL | E16: =VLOOKUP(A16,Lists!$B$2:$G$200,5,FALSE) -> Conflict/ Violence,Drought/drier conditions,International Displacement,Floods,Earthquake | F16: =IF(OR(N16="x",K16="x"),"x",ROUND((10-GEOMEAN(((10-K16)/10*9+1),((10-N16)/10*9+1),((10-N16)/10*9+1)))/9*7+Q16*0.3,1)) -> 8.5 | G16: {=_xlfn.IFS(F16="x", "x", F16<=2, 1, F16<=4, 2, F16<=6, 3, F16<=8, 4, F16<=10, 5)} -> 5 | H16: =IF(N16="x","x",IF(K16="x","x",(IF(G16=5,"Very High",IF(G16=4,"High",IF(G16=3,"Medium",IF(G16=2,"Low","Very Low"))))))) -> Very High | I16: =INDEX(Trends!$D$3:$D$404,MATCH(B16,Trends!$C$3:$C$404,0)) -> Increasing | J16: =VLOOKUP($B16,Reliability!$A$3:$I$300,9,FALSE) -> Very High | K16: =IF(OR(M16="x",L16="x"),"x",(10-GEOMEAN(((10-L16)/10*9+1),((10-M16)/10*9+1),((10-M16)/10*9+1)))/9*10) -> 9.3590518 | L16: =VLOOKUP($B16,'Impact of the crisis'!$C$6:$N$300,12,FALSE) -> 9.9864161 | M16: =VLOOKUP($B16,'Impact of the crisis'!$C$6:$AB$300,26,FALSE) -> 8.9243274 | N16: =VLOOKUP($B16,'Conditions of people affected'!$C$6:$R$300,16,FALSE) -> 9 | O16: =VLOOKUP($B16,'Conditions of people affected'!$C$6:$R$300,9,FALSE) -> 10 | P16: =VLOOKUP($B16,'Conditions of people affected'!$C$6:$R$300,15,FALSE) -> 8 | Q16: =IF(OR(S16="x",R16="x"),R16,(10-GEOMEAN(((10-R16)/10*9+1),((10-S16)/10*9+1)))/9*10) -> 7.0258804 | R16: =VLOOKUP($B16,'Complexity of the crisis'!$C$6:$AN$300,22,FALSE) -> 5.7467544 | S16: =VLOOKUP($B16,'Complexity of the crisis'!$C$6:$AN$300,38,FALSE) -> 8 | T16: =VLOOKUP(B16,Lists!$C$3:$E$300,3,FALSE) -> Americas | U16: =VLOOKUP(B16,'INFORM Severity - hidden'!$C$5:$V$300,20,FALSE) -> 46265
A17: {=IFERROR(INDEX(Lists!$B$2:$B$200,SMALL(IF(Lists!$H$2:$H$200="Yes",ROW(Lists!$B$2:$B$200)),ROW(13:13))-1,1),"")} -> Multiple Crises in Costa Rica | B17: =VLOOKUP(A17,Lists!$B$2:$G$200,2,FALSE) -> CRI001 | C17: =VLOOKUP(B17,'INFORM Severity - hidden'!$C$5:$D$200,2,FALSE) -> Costa Rica | D17: =VLOOKUP(A17,Lists!$B$2:$G$200,3,FALSE) -> CRI | E17: =VLOOKUP(A17,Lists!$B$2:$G$200,5,FALSE) -> International Displacement | F17: =IF(OR(N17="x",K17="x"),"x",ROUND((10-GEOMEAN(((10-K17)/10*9+1),((10-N17)/10*9+1),((10-N17)/10*9+1)))/9*7+Q17*0.3,1)) -> 4.6 | G17: {=_xlfn.IFS(F17="x", "x", F17<=2, 1, F17<=4, 2, F17<=6, 3, F17<=8, 4, F17<=10, 5)} -> 3 | H17: =IF(N17="x","x",IF(K17="x","x",(IF(G17=5,"Very High",IF(G17=4,"High",IF(G17=3,"Medium",IF(G17=2,"Low","Very Low"))))))) -> Medium | I17: =INDEX(Trends!$D$3:$D$404,MATCH(B17,Trends!$C$3:$C$404,0)) -> Decreasing | J17: =VLOOKUP($B17,Reliability!$A$3:$I$300,9,FALSE) -> High | K17: =IF(OR(M17="x",L17="x"),"x",(10-GEOMEAN(((10-L17)/10*9+1),((10-M17)/10*9+1),((10-M17)/10*9+1)))/9*10) -> 5.490196 | L17: =VLOOKUP($B17,'Impact of the crisis'!$C$6:$N$300,12,FALSE) -> 7.6235808 | M17: =VLOOKUP($B17,'Impact of the crisis'!$C$6:$AB$300,26,FALSE) -> 3.9751652 | N17: =VLOOKUP($B17,'Conditions of people affected'!$C$6:$R$300,16,FALSE) -> 5.2522239 | O17: =VLOOKUP($B17,'Conditions of people affected'!$C$6:$R$300,9,FALSE) -> 4.6246328 | P17: =VLOOKUP($B17,'Conditions of people affected'!$C$6:$R$300,15,FALSE) -> 5.8798151 | Q17: =IF(OR(S17="x",R17="x"),R17,(10-GEOMEAN(((10-R17)/10*9+1),((10-S17)/10*9+1)))/9*10) -> 2.9176471 | R17: =VLOOKUP($B17,'Complexity of the crisis'!$C$6:$AN$300,22,FALSE) -> 2.2907363 | S17: =VLOOKUP($B17,'Complexity of the crisis'!$C$6:$AN$300,38,FALSE) -> 3.5 | T17: =VLOOKUP(B17,Lists!$C$3:$E$300,3,FALSE) -> Americas | U17: =VLOOKUP(B17,'INFORM Severity - hidden'!$C$5:$V$300,20,FALSE) -> 46265
A18: {=IFERROR(INDEX(Lists!$B$2:$B$200,SMALL(IF(Lists!$H$2:$H$200="Yes",ROW(Lists!$B$2:$B$200)),ROW(14:14))-1,1),"")} -> Complex Crisis in Cuba | B18: =VLOOKUP(A18,Lists!$B$2:$G$200,2,FALSE) -> CUB004 | C18: =VLOOKUP(B18,'INFORM Severity - hidden'!$C$5:$D$200,2,FALSE) -> Cuba | D18: =VLOOKUP(A18,Lists!$B$2:$G$200,3,FALSE) -> CUB | E18: =VLOOKUP(A18,Lists!$B$2:$G$200,5,FALSE) -> Cyclone,Political/economic crisis | F18: =IF(OR(N18="x",K18="x"),"x",ROUND((10-GEOMEAN(((10-K18)/10*9+1),((10-N18)/10*9+1),((10-N18)/10*9+1)))/9*7+Q18*0.3,1)) -> 6.9 | G18: {=_xlfn.IFS(F18="x", "x", F18<=2, 1, F18<=4, 2, F18<=6, 3, F18<=8, 4, F18<=10, 5)} -> 4 | H18: =IF(N18="x","x",IF(K18="x","x",(IF(G18=5,"Very High",IF(G18=4,"High",IF(G18=3,"Medium",IF(G18=2,"Low","Very Low"))))))) -> High | I18: =INDEX(Trends!$D$3:$D$404,MATCH(B18,Trends!$C$3:$C$404,0)) -> Stable | J18: =VLOOKUP($B18,Reliability!$A$3:$I$300,9,FALSE) -> High | K18: =IF(OR(M18="x",L18="x"),"x",(10-GEOMEAN(((10-L18)/10*9+1),((10-M18)/10*9+1),((10-M18)/10*9+1)))/9*10) -> 8.5336029 | L18: =VLOOKUP($B18,'Impact of the crisis'!$C$6:$N$300,12,FALSE) -> 8.4353199 | M18: =VLOOKUP($B18,'Impact of the crisis'!$C$6:$AB$300,26,FALSE) -> 8.5813822 | N18: =VLOOKUP($B18,'Conditions of people affected'!$C$6:$R$300,16,FALSE) -> 7.3720822 | O18: =VLOOKUP($B18,'Conditions of people affected'!$C$6:$R$300,9,FALSE) -> 8.7441643 | P18: =VLOOKUP($B18,'Conditions of people affected'!$C$6:$R$300,15,FALSE) -> 6 | Q18: =IF(OR(S18="x",R18="x"),R18,(10-GEOMEAN(((10-R18)/10*9+1),((10-S18)/10*9+1)))/9*10) -> 4.8873511 | R18: =VLOOKUP($B18,'Complexity of the crisis'!$C$6:$AN$300,22,FALSE) -> 5.2520069 | S18: =VLOOKUP($B18,'Complexity of the crisis'!$C$6:$AN$300,38,FALSE) -> 4.5 | T18: =VLOOKUP(B18,Lists!$C$3:$E$300,3,FALSE) -> Americas | U18: =VLOOKUP(B18,'INFORM Severity - hidden'!$C$5:$V$300,20,FALSE) -> 46265
A19: {=IFERROR(INDEX(Lists!$B$2:$B$200,SMALL(IF(Lists!$H$2:$H$200="Yes",ROW(Lists!$B$2:$B$200)),ROW(15:15))-1,1),"")} -> Multiple crises in Djibouti | B19: =VLOOKUP(A19,Lists!$B$2:$G$200,2,FALSE) -> DJI001 | C19: =VLOOKUP(B19,'INFORM Severity - hidden'!$C$5:$D$200,2,FALSE) -> Djibouti | D19: =VLOOKUP(A19,Lists!$B$2:$G$200,3,FALSE) -> DJI | E19: =VLOOKUP(A19,Lists!$B$2:$G$200,5,FALSE) -> International Displacement,Drought/drier conditions | F19: =IF(OR(N19="x",K19="x"),"x",ROUND((10-GEOMEAN(((10-K19)/10*9+1),((10-N19)/10*9+1),((10-N19)/10*9+1)))/9*7+Q19*0.3,1)) -> 6.1 | G19: {=_xlfn.IFS(F19="x", "x", F19<=2, 1, F19<=4, 2, F19<=6, 3, F19<=8, 4, F19<=10, 5)} -> 4 | H19: =IF(N19="x","x",IF(K19="x","x",(IF(G19=5,"Very High",IF(G19=4,"High",IF(G19=3,"Medium",IF(G19=2,"Low","Very Low"))))))) -> High | I19: =INDEX(Trends!$D$3:$D$404,MATCH(B19,Trends!$C$3:$C$404,0)) -> Increasing | J19: =VLOOKUP($B19,Reliability!$A$3:$I$300,9,FALSE) -> High | K19: =IF(OR(M19="x",L19="x"),"x",(10-GEOMEAN(((10-L19)/10*9+1),((10-M19)/10*9+1),((10-M19)/10*9+1)))/9*10) -> 5.279075 | L19: =VLOOKUP($B19,'Impact of the crisis'!$C$6:$N$300,12,FALSE) -> 6.2034513 | M19: =VLOOKUP($B19,'Impact of the crisis'!$C$6:$AB$300,26,FALSE) -> 4.7535128 | N19: =VLOOKUP($B19,'Conditions of people affected'!$C$6:$R$300,16,FALSE) -> 5.9271225 | O19: =VLOOKUP($B19,'Conditions of people affected'!$C$6:$R$300,9,FALSE) -> 4.7712125 | P19: =VLOOKUP($B19,'Conditions of people affected'!$C$6:$R$300,15,FALSE) -> 7.0830325 | Q19: =IF(OR(S19="x",R19="x"),R19,(10-GEOMEAN(((10-R19)/10*9+1),((10-S19)/10*9+1)))/9*10) -> 7.0016261 | R19: =VLOOKUP($B19,'Complexity of the crisis'!$C$6:$AN$300,22,FALSE) -> 5.6828681 | S19: =VLOOKUP($B19,'Complexity of the crisis'!$C$6:$AN$300,38,FALSE) -> 8 | T19: =VLOOKUP(B19,Lists!$C$3:$E$300,3,FALSE) -> Africa | U19: =VLOOKUP(B19,'INFORM Severity - hidden'!$C$5:$V$300,20,FALSE) -> 46261
A20: {=IFERROR(INDEX(Lists!$B$2:$B$200,SMALL(IF(Lists!$H$2:$H$200="Yes",ROW(Lists!$B$2:$B$200)),ROW(16:16))-1,1),"")} -> Displacement from Venezuela to Dominican Republic | B20: =VLOOKUP(A20,Lists!$B$2:$G$200,2,FALSE) -> DOM002 | C20: =VLOOKUP(B20,'INFORM Severity - hidden'!$C$5:$D$200,2,FALSE) -> Dominican Republic | D20: =VLOOKUP(A20,Lists!$B$2:$G$200,3,FALSE) -> DOM | E20: =VLOOKUP(A20,Lists!$B$2:$G$200,5,FALSE) -> International Displacement | F20: =IF(OR(N20="x",K20="x"),"x",ROUND((10-GEOMEAN(((10-K20)/10*9+1),((10-N20)/10*9+1),((10-N20)/10*9+1)))/9*7+Q20*0.3,1)) -> 4.2 | G20: {=_xlfn.IFS(F20="x", "x", F20<=2, 1, F20<=4, 2, F20<=6, 3, F20<=8, 4, F20<=10, 5)} -> 3 | H20: =IF(N20="x","x",IF(K20="x","x",(IF(G20=5,"Very High",IF(G20=4,"High",IF(G20=3,"Medium",IF(G20=2,"Low","Very Low"))))))) -> Medium | I20: =INDEX(Trends!$D$3:$D$404,MATCH(B20,Trends!$C$3:$C$404,0)) -> Increasing | J20: =VLOOKUP($B20,Reliability!$A$3:$I$300,9,FALSE) -> Medium | K20: =IF(OR(M20="x",L20="x"),"x",(10-GEOMEAN(((10-L20)/10*9+1),((10-M20)/10*9+1),((10-M20)/10*9+1)))/9*10) -> 6.5361642 | L20: =VLOOKUP($B20,'Impact of the crisis'!$C$6:$N$300,12,FALSE) -> 8.1938731 | M20: =VLOOKUP($B20,'Impact of the crisis'!$C$6:$AB$300,26,FALSE) -> 5.381922 | N20: =VLOOKUP($B20,'Conditions of people affected'!$C$6:$R$300,16,FALSE) -> 2.7337141 | O20: =VLOOKUP($B20,'Conditions of people affected'!$C$6:$R$300,9,FALSE) -> 2.8169935 | P20: =VLOOKUP($B20,'Conditions of people affected'!$C$6:$R$300,15,FALSE) -> 2.6504348 | Q20: =IF(OR(S20="x",R20="x"),R20,(10-GEOMEAN(((10-R20)/10*9+1),((10-S20)/10*9+1)))/9*10) -> 4.0339066 | R20: =VLOOKUP($B20,'Complexity of the crisis'!$C$6:$AN$300,22,FALSE) -> 4.0676515 | S20: =VLOOKUP($B20,'Complexity of the crisis'!$C$6:$AN$300,38,FALSE) -> 4 | T20: =VLOOKUP(B20,Lists!$C$3:$E$300,3,FALSE) -> Americas | U20: =VLOOKUP(B20,'INFORM Severity - hidden'!$C$5:$V$300,20,FALSE) -> 46265
A21: {=IFERROR(INDEX(Lists!$B$2:$B$200,SMALL(IF(Lists!$H$2:$H$200="Yes",ROW(Lists!$B$2:$B$200)),ROW(17:17))-1,1),"")} -> Multiple crises in Algeria | B21: =VLOOKUP(A21,Lists!$B$2:$G$200,2,FALSE) -> DZA004 | C21: =VLOOKUP(B21,'INFORM Severity - hidden'!$C$5:$D$200,2,FALSE) -> Algeria | D21: =VLOOKUP(A21,Lists!$B$2:$G$200,3,FALSE) -> DZA | E21: =VLOOKUP(A21,Lists!$B$2:$G$200,5,FALSE) -> International Displacement | F21: =IF(OR(N21="x",K21="x"),"x",ROUND((10-GEOMEAN(((10-K21)/10*9+1),((10-N21)/10*9+1),((10-N21)/10*9+1)))/9*7+Q21*0.3,1)) -> 5.6 | G21: {=_xlfn.IFS(F21="x", "x", F21<=2, 1, F21<=4, 2, F21<=6, 3, F21<=8, 4, F21<=10, 5)} -> 3 | H21: =IF(N21="x","x",IF(K21="x","x",(IF(G21=5,"Very High",IF(G21=4,"High",IF(G21=3,"Medium",IF(G21=2,"Low","Very Low"))))))) -> Medium | I21: =INDEX(Trends!$D$3:$D$404,MATCH(B21,Trends!$C$3:$C$404,0)) -> Decreasing | J21: =VLOOKUP($B21,Reliability!$A$3:$I$300,9,FALSE) -> High | K21: =IF(OR(M21="x",L21="x"),"x",(10-GEOMEAN(((10-L21)/10*9+1),((10-M21)/10*9+1),((10-M21)/10*9+1)))/9*10) -> 8.2969877 | L21: =VLOOKUP($B21,'Impact of the crisis'!$C$6:$N$300,12,FALSE) -> 10 | M21: =VLOOKUP($B21,'Impact of the crisis'!$C$6:$AB$300,26,FALSE) -> 6.6325762 | N21: =VLOOKUP($B21,'Conditions of people affected'!$C$6:$R$300,16,FALSE) -> 4.1641069 | O21: =VLOOKUP($B21,'Conditions of people affected'!$C$6:$R$300,9,FALSE) -> 5.4945334 | P21: =VLOOKUP($B21,'Conditions of people affected'!$C$6:$R$300,15,FALSE) -> 2.8336804 | Q21: =IF(OR(S21="x",R21="x"),R21,(10-GEOMEAN(((10-R21)/10*9+1),((10-S21)/10*9+1)))/9*10) -> 4.777499 | R21: =VLOOKUP($B21,'Complexity of the crisis'!$C$6:$AN$300,22,FALSE) -> 5.8405741 | S21: =VLOOKUP($B21,'Complexity of the crisis'!$C$6:$AN$300,38,FALSE) -> 3.5 | T21: =VLOOKUP(B21,Lists!$C$3:$E$300,3,FALSE) -> Africa | U21: =VLOOKUP(B21,'INFORM Severity - hidden'!$C$5:$V$300,20,FALSE) -> 46265
A22: {=IFERROR(INDEX(Lists!$B$2:$B$200,SMALL(IF(Lists!$H$2:$H$200="Yes",ROW(Lists!$B$2:$B$200)),ROW(18:18))-1,1),"")} -> Multiple crises in Ecuador | B22: =VLOOKUP(A22,Lists!$B$2:$G$200,2,FALSE) -> ECU001 | C22: =VLOOKUP(B22,'INFORM Severity - hidden'!$C$5:$D$200,2,FALSE) -> Ecuador | D22: =VLOOKUP(A22,Lists!$B$2:$G$200,3,FALSE) -> ECU | E22: =VLOOKUP(A22,Lists!$B$2:$G$200,5,FALSE) -> International Displacement,Conflict/ Violence,Floods | F22: =IF(OR(N22="x",K22="x"),"x",ROUND((10-GEOMEAN(((10-K22)/10*9+1),((10-N22)/10*9+1),((10-N22)/10*9+1)))/9*7+Q22*0.3,1)) -> 7.4 | G22: {=_xlfn.IFS(F22="x", "x", F22<=2, 1, F22<=4, 2, F22<=6, 3, F22<=8, 4, F22<=10, 5)} -> 4 | H22: =IF(N22="x","x",IF(K22="x","x",(IF(G22=5,"Very High",IF(G22=4,"High",IF(G22=3,"Medium",IF(G22=2,"Low","Very Low"))))))) -> High | I22: =INDEX(Trends!$D$3:$D$404,MATCH(B22,Trends!$C$3:$C$404,0)) -> Increasing | J22: =VLOOKUP($B22,Reliability!$A$3:$I$300,9,FALSE) -> High | K22: =IF(OR(M22="x",L22="x"),"x",(10-GEOMEAN(((10-L22)/10*9+1),((10-M22)/10*9+1),((10-M22)/10*9+1)))/9*10) -> 8.5612832 | L22: =VLOOKUP($B22,'Impact of the crisis'!$C$6:$N$300,12,FALSE) -> 9.1190626 | M22: =VLOOKUP($B22,'Impact of the crisis'!$C$6:$AB$300,26,FALSE) -> 8.2263068 | N22: =VLOOKUP($B22,'Conditions of people affected'!$C$6:$R$300,16,FALSE) -> 7.2484018 | O22: =VLOOKUP($B22,'Conditions of people affected'!$C$6:$R$300,9,FALSE) -> 8.2904613 | P22: =VLOOKUP($B22,'Conditions of people affected'!$C$6:$R$300,15,FALSE) -> 6.2063423 | Q22: =IF(OR(S22="x",R22="x"),R22,(10-GEOMEAN(((10-R22)/10*9+1),((10-S22)/10*9+1)))/9*10) -> 6.6845122 | R22: =VLOOKUP($B22,'Complexity of the crisis'!$C$6:$AN$300,22,FALSE) -> 5.6848649 | S22: =VLOOKUP($B22,'Complexity of the crisis'!$C$6:$AN$300,38,FALSE) -> 7.5 | T22: =VLOOKUP(B22,Lists!$C$3:$E$300,3,FALSE) -> Americas | U22: =VLOOKUP(B22,'INFORM Severity - hidden'!$C$5:$V$300,20,FALSE) -> 46265
A23: {=IFERROR(INDEX(Lists!$B$2:$B$200,SMALL(IF(Lists!$H$2:$H$200="Yes",ROW(Lists!$B$2:$B$200)),ROW(19:19))-1,1),"")} -> International displacement to Egypt | B23: =VLOOKUP(A23,Lists!$B$2:$G$200,2,FALSE) -> EGY004 | C23: =VLOOKUP(B23,'INFORM Severity - hidden'!$C$5:$D$200,2,FALSE) -> Egypt | D23: =VLOOKUP(A23,Lists!$B$2:$G$200,3,FALSE) -> EGY | E23: =VLOOKUP(A23,Lists!$B$2:$G$200,5,FALSE) -> International Displacement | F23: =IF(OR(N23="x",K23="x"),"x",ROUND((10-GEOMEAN(((10-K23)/10*9+1),((10-N23)/10*9+1),((10-N23)/10*9+1)))/9*7+Q23*0.3,1)) -> 5.8 | G23: {=_xlfn.IFS(F23="x", "x", F23<=2, 1, F23<=4, 2, F23<=6, 3, F23<=8, 4, F23<=10, 5)} -> 3 | H23: =IF(N23="x","x",IF(K23="x","x",(IF(G23=5,"Very High",IF(G23=4,"High",IF(G23=3,"Medium",IF(G23=2,"Low","Very Low"))))))) -> Medium | I23: =INDEX(Trends!$D$3:$D$404,MATCH(B23,Trends!$C$3:$C$404,0)) -> Increasing | J23: =VLOOKUP($B23,Reliability!$A$3:$I$300,9,FALSE) -> Very High | K23: =IF(OR(M23="x",L23="x"),"x",(10-GEOMEAN(((10-L23)/10*9+1),((10-M23)/10*9+1),((10-M23)/10*9+1)))/9*10) -> 4.8092352 | L23: =VLOOKUP($B23,'Impact of the crisis'!$C$6:$N$300,12,FALSE) -> 4.12845 | M23: =VLOOKUP($B23,'Impact of the crisis'!$C$6:$AB$300,26,FALSE) -> 5.1243175 | N23: =VLOOKUP($B23,'Conditions of people affected'!$C$6:$R$300,16,FALSE) -> 6.6131797 | O23: =VLOOKUP($B23,'Conditions of people affected'!$C$6:$R$300,9,FALSE) -> 7.2263594 | P23: =VLOOKUP($B23,'Conditions of people affected'!$C$6:$R$300,15,FALSE) -> 6 | Q23: =IF(OR(S23="x",R23="x"),R23,(10-GEOMEAN(((10-R23)/10*9+1),((10-S23)/10*9+1)))/9*10) -> 5.0446392 | R23: =VLOOKUP($B23,'Complexity of the crisis'!$C$6:$AN$300,22,FALSE) -> 4.5523244 | S23: =VLOOKUP($B23,'Complexity of the crisis'!$C$6:$AN$300,38,FALSE) -> 5.5 | T23: =VLOOKUP(B23,Lists!$C$3:$E$300,3,FALSE) -> Africa | U23: =VLOOKUP(B23,'INFORM Severity - hidden'!$C$5:$V$300,20,FALSE) -> 46265
A24: {=IFERROR(INDEX(Lists!$B$2:$B$200,SMALL(IF(Lists!$H$2:$H$200="Yes",ROW(Lists!$B$2:$B$200)),ROW(20:20))-1,1),"")} -> Complex crisis in Eritrea | B24: =VLOOKUP(A24,Lists!$B$2:$G$200,2,FALSE) -> ERI001 | C24: =VLOOKUP(B24,'INFORM Severity - hidden'!$C$5:$D$200,2,FALSE) -> Eritrea | D24: =VLOOKUP(A24,Lists!$B$2:$G$200,3,FALSE) -> ERI | E24: =VLOOKUP(A24,Lists!$B$2:$G$200,5,FALSE) -> International Displacement,Political/economic crisis | F24: =IF(OR(N24="x",K24="x"),"x",ROUND((10-GEOMEAN(((10-K24)/10*9+1),((10-N24)/10*9+1),((10-N24)/10*9+1)))/9*7+Q24*0.3,1)) -> 6.5 | G24: {=_xlfn.IFS(F24="x", "x", F24<=2, 1, F24<=4, 2, F24<=6, 3, F24<=8, 4, F24<=10, 5)} -> 4 | H24: =IF(N24="x","x",IF(K24="x","x",(IF(G24=5,"Very High",IF(G24=4,"High",IF(G24=3,"Medium",IF(G24=2,"Low","Very Low"))))))) -> High | I24: =INDEX(Trends!$D$3:$D$404,MATCH(B24,Trends!$C$3:$C$404,0)) -> Increasing | J24: =VLOOKUP($B24,Reliability!$A$3:$I$300,9,FALSE) -> High | K24: =IF(OR(M24="x",L24="x"),"x",(10-GEOMEAN(((10-L24)/10*9+1),((10-M24)/10*9+1),((10-M24)/10*9+1)))/9*10) -> 7.4555568 | L24: =VLOOKUP($B24,'Impact of the crisis'!$C$6:$N$300,12,FALSE) -> 7.7607261 | M24: =VLOOKUP($B24,'Impact of the crisis'!$C$6:$AB$300,26,FALSE) -> 7.2927016 | N24: =VLOOKUP($B24,'Conditions of people affected'!$C$6:$R$300,16,FALSE) -> 6.4023211 | O24: =VLOOKUP($B24,'Conditions of people affected'!$C$6:$R$300,9,FALSE) -> 6.8046423 | P24: =VLOOKUP($B24,'Conditions of people affected'!$C$6:$R$300,15,FALSE) -> 6 | Q24: =IF(OR(S24="x",R24="x"),R24,(10-GEOMEAN(((10-R24)/10*9+1),((10-S24)/10*9+1)))/9*10) -> 5.9584983 | R24: =VLOOKUP($B24,'Complexity of the crisis'!$C$6:$AN$300,22,FALSE) -> 7.0952327 | S24: =VLOOKUP($B24,'Complexity of the crisis'!$C$6:$AN$300,38,FALSE) -> 4.5 | T24: =VLOOKUP(B24,Lists!$C$3:$E$300,3,FALSE) -> Africa | U24: =VLOOKUP(B24,'INFORM Severity - hidden'!$C$5:$V$300,20,FALSE) -> 46259
A25: {=IFERROR(INDEX(Lists!$B$2:$B$200,SMALL(IF(Lists!$H$2:$H$200="Yes",ROW(Lists!$B$2:$B$200)),ROW(21:21))-1,1),"")} -> International displacement to Spain | B25: =VLOOKUP(A25,Lists!$B$2:$G$200,2,FALSE) -> ESP002 | C25: =VLOOKUP(B25,'INFORM Severity - hidden'!$C$5:$D$200,2,FALSE) -> Spain | D25: =VLOOKUP(A25,Lists!$B$2:$G$200,3,FALSE) -> ESP | E25: =VLOOKUP(A25,Lists!$B$2:$G$200,5,FALSE) -> International Displacement | F25: =IF(OR(N25="x",K25="x"),"x",ROUND((10-GEOMEAN(((10-K25)/10*9+1),((10-N25)/10*9+1),((10-N25)/10*9+1)))/9*7+Q25*0.3,1)) -> 3.5 | G25: {=_xlfn.IFS(F25="x", "x", F25<=2, 1, F25<=4, 2, F25<=6, 3, F25<=8, 4, F25<=10, 5)} -> 2 | H25: =IF(N25="x","x",IF(K25="x","x",(IF(G25=5,"Very High",IF(G25=4,"High",IF(G25=3,"Medium",IF(G25=2,"Low","Very Low"))))))) -> Low | I25: =INDEX(Trends!$D$3:$D$404,MATCH(B25,Trends!$C$3:$C$404,0)) -> Increasing | J25: =VLOOKUP($B25,Reliability!$A$3:$I$300,9,FALSE) -> Very High | K25: =IF(OR(M25="x",L25="x"),"x",(10-GEOMEAN(((10-L25)/10*9+1),((10-M25)/10*9+1),((10-M25)/10*9+1)))/9*10) -> 5.2167062 | L25: =VLOOKUP($B25,'Impact of the crisis'!$C$6:$N$300,12,FALSE) -> 4.5608588 | M25: =VLOOKUP($B25,'Impact of the crisis'!$C$6:$AB$300,26,FALSE) -> 5.5195776 | N25: =VLOOKUP($B25,'Conditions of people affected'!$C$6:$R$300,16,FALSE) -> 2.804263 | O25: =VLOOKUP($B25,'Conditions of people affected'!$C$6:$R$300,9,FALSE) -> 3.0635936 | P25: =VLOOKUP($B25,'Conditions of people affected'!$C$6:$R$300,15,FALSE) -> 2.5449323 | Q25: =IF(OR(S25="x",R25="x"),R25,(10-GEOMEAN(((10-R25)/10*9+1),((10-S25)/10*9+1)))/9*10) -> 3.0376561 | R25: =VLOOKUP($B25,'Complexity of the crisis'!$C$6:$AN$300,22,FALSE) -> 3.5417424 | S25: =VLOOKUP($B25,'Complexity of the crisis'!$C$6:$AN$300,38,FALSE) -> 2.5 | T25: =VLOOKUP(B25,Lists!$C$3:$E$300,3,FALSE) -> Europe | U25: =VLOOKUP(B25,'INFORM Severity - hidden'!$C$5:$V$300,20,FALSE) -> 46265
A26: {=IFERROR(INDEX(Lists!$B$2:$B$200,SMALL(IF(Lists!$H$2:$H$200="Yes",ROW(Lists!$B$2:$B$200)),ROW(22:22))-1,1),"")} -> Multiple crises in Ethiopia | B26: =VLOOKUP(A26,Lists!$B$2:$G$200,2,FALSE) -> ETH001 | C26: =VLOOKUP(B26,'INFORM Severity - hidden'!$C$5:$D$200,2,FALSE) -> Ethiopia | D26: =VLOOKUP(A26,Lists!$B$2:$G$200,3,FALSE) -> ETH | E26: =VLOOKUP(A26,Lists!$B$2:$G$200,5,FALSE) -> International Displacement,Conflict/ Violence,Drought/drier conditions,Floods,Political/economic crisis | F26: =IF(OR(N26="x",K26="x"),"x",ROUND((10-GEOMEAN(((10-K26)/10*9+1),((10-N26)/10*9+1),((10-N26)/10*9+1)))/9*7+Q26*0.3,1)) -> 8.7 | G26: {=_xlfn.IFS(F26="x", "x", F26<=2, 1, F26<=4, 2, F26<=6, 3, F26<=8, 4, F26<=10, 5)} -> 5 | H26: =IF(N26="x","x",IF(K26="x","x",(IF(G26=5,"Very High",IF(G26=4,"High",IF(G26=3,"Medium",IF(G26=2,"Low","Very Low"))))))) -> Very High | I26: =INDEX(Trends!$D$3:$D$404,MATCH(B26,Trends!$C$3:$C$404,0)) -> Stable | J26: =VLOOKUP($B26,Reliability!$A$3:$I$300,9,FALSE) -> High | K26: =IF(OR(M26="x",L26="x"),"x",(10-GEOMEAN(((10-L26)/10*9+1),((10-M26)/10*9+1),((10-M26)/10*9+1)))/9*10) -> 9.3505732 | L26: =VLOOKUP($B26,'Impact of the crisis'!$C$6:$N$300,12,FALSE) -> 9.9999993 | M26: =VLOOKUP($B26,'Impact of the crisis'!$C$6:$AB$300,26,FALSE) -> 8.8950119 | N26: =VLOOKUP($B26,'Conditions of people affected'!$C$6:$R$300,16,FALSE) -> 8 | O26: =VLOOKUP($B26,'Conditions of people affected'!$C$6:$R$300,9,FALSE) -> 10 | P26: =VLOOKUP($B26,'Conditions of people affected'!$C$6:$R$300,15,FALSE) -> 6 | Q26: =IF(OR(S26="x",R26="x"),R26,(10-GEOMEAN(((10-R26)/10*9+1),((10-S26)/10*9+1)))/9*10) -> 8.9182704 | R26: =VLOOKUP($B26,'Complexity of the crisis'!$C$6:$AN$300,22,FALSE) -> 6.7834156 | S26: =VLOOKUP($B26,'Complexity of the crisis'!$C$6:$AN$300,38,FALSE) -> 10 | T26: =VLOOKUP(B26,Lists!$C$3:$E$300,3,FALSE) -> Africa | U26: =VLOOKUP(B26,'INFORM Severity - hidden'!$C$5:$V$300,20,FALSE) -> 46261
A27: {=IFERROR(INDEX(Lists!$B$2:$B$200,SMALL(IF(Lists!$H$2:$H$200="Yes",ROW(Lists!$B$2:$B$200)),ROW(23:23))-1,1),"")} -> International Displacement to Greece | B27: =VLOOKUP(A27,Lists!$B$2:$G$200,2,FALSE) -> GRC002 | C27: =VLOOKUP(B27,'INFORM Severity - hidden'!$C$5:$D$200,2,FALSE) -> Greece | D27: =VLOOKUP(A27,Lists!$B$2:$G$200,3,FALSE) -> GRC | E27: =VLOOKUP(A27,Lists!$B$2:$G$200,5,FALSE) -> International Displacement | F27: =IF(OR(N27="x",K27="x"),"x",ROUND((10-GEOMEAN(((10-K27)/10*9+1),((10-N27)/10*9+1),((10-N27)/10*9+1)))/9*7+Q27*0.3,1)) -> 4.3 | G27: {=_xlfn.IFS(F27="x", "x", F27<=2, 1, F27<=4, 2, F27<=6, 3, F27<=8, 4, F27<=10, 5)} -> 3 | H27: =IF(N27="x","x",IF(K27="x","x",(IF(G27=5,"Very High",IF(G27=4,"High",IF(G27=3,"Medium",IF(G27=2,"Low","Very Low"))))))) -> Medium | I27: =INDEX(Trends!$D$3:$D$404,MATCH(B27,Trends!$C$3:$C$404,0)) -> Stable | J27: =VLOOKUP($B27,Reliability!$A$3:$I$300,9,FALSE) -> Very High | K27: =IF(OR(M27="x",L27="x"),"x",(10-GEOMEAN(((10-L27)/10*9+1),((10-M27)/10*9+1),((10-M27)/10*9+1)))/9*10) -> 4.6791571 | L27: =VLOOKUP($B27,'Impact of the crisis'!$C$6:$N$300,12,FALSE) -> 1.8393178 | M27: =VLOOKUP($B27,'Impact of the crisis'!$C$6:$AB$300,26,FALSE) -> 5.7539769 | N27: =VLOOKUP($B27,'Conditions of people affected'!$C$6:$R$300,16,FALSE) -> 4.5823167 | O27: =VLOOKUP($B27,'Conditions of people affected'!$C$6:$R$300,9,FALSE) -> 3.1646334 | P27: =VLOOKUP($B27,'Conditions of people affected'!$C$6:$R$300,15,FALSE) -> 6 | Q27: =IF(OR(S27="x",R27="x"),R27,(10-GEOMEAN(((10-R27)/10*9+1),((10-S27)/10*9+1)))/9*10) -> 3.5576261 | R27: =VLOOKUP($B27,'Complexity of the crisis'!$C$6:$AN$300,22,FALSE) -> 3.6148159 | S27: =VLOOKUP($B27,'Complexity of the crisis'!$C$6:$AN$300,38,FALSE) -> 3.5 | T27: =VLOOKUP(B27,Lists!$C$3:$E$300,3,FALSE) -> Europe | U27: =VLOOKUP(B27,'INFORM Severity - hidden'!$C$5:$V$300,20,FALSE) -> 46265
A28: {=IFERROR(INDEX(Lists!$B$2:$B$200,SMALL(IF(Lists!$H$2:$H$200="Yes",ROW(Lists!$B$2:$B$200)),ROW(24:24))-1,1),"")} -> Climatic Shocks and Violence in Guatemala | B28: =VLOOKUP(A28,Lists!$B$2:$G$200,2,FALSE) -> GTM001 | C28: =VLOOKUP(B28,'INFORM Severity - hidden'!$C$5:$D$200,2,FALSE) -> Guatemala | D28: =VLOOKUP(A28,Lists!$B$2:$G$200,3,FALSE) -> GTM | E28: =VLOOKUP(A28,Lists!$B$2:$G$200,5,FALSE) -> Conflict/ Violence,Drought/drier conditions | F28: =IF(OR(N28="x",K28="x"),"x",ROUND((10-GEOMEAN(((10-K28)/10*9+1),((10-N28)/10*9+1),((10-N28)/10*9+1)))/9*7+Q28*0.3,1)) -> 7.4 | G28: {=_xlfn.IFS(F28="x", "x", F28<=2, 1, F28<=4, 2, F28<=6, 3, F28<=8, 4, F28<=10, 5)} -> 4 | H28: =IF(N28="x","x",IF(K28="x","x",(IF(G28=5,"Very High",IF(G28=4,"High",IF(G28=3,"Medium",IF(G28=2,"Low","Very Low"))))))) -> High | I28: =INDEX(Trends!$D$3:$D$404,MATCH(B28,Trends!$C$3:$C$404,0)) -> Increasing | J28: =VLOOKUP($B28,Reliability!$A$3:$I$300,9,FALSE) -> Very High | K28: =IF(OR(M28="x",L28="x"),"x",(10-GEOMEAN(((10-L28)/10*9+1),((10-M28)/10*9+1),((10-M28)/10*9+1)))/9*10) -> 8.2682274 | L28: =VLOOKUP($B28,'Impact of the crisis'!$C$6:$N$300,12,FALSE) -> 8.8375288 | M28: =VLOOKUP($B28,'Impact of the crisis'!$C$6:$AB$300,26,FALSE) -> 7.9321639 | N28: =VLOOKUP($B28,'Conditions of people affected'!$C$6:$R$300,16,FALSE) -> 7.3843869 | O28: =VLOOKUP($B28,'Conditions of people affected'!$C$6:$R$300,9,FALSE) -> 8.340513 | P28: =VLOOKUP($B28,'Conditions of people affected'!$C$6:$R$300,15,FALSE) -> 6.4282609 | Q28: =IF(OR(S28="x",R28="x"),R28,(10-GEOMEAN(((10-R28)/10*9+1),((10-S28)/10*9+1)))/9*10) -> 6.6192646 | R28: =VLOOKUP($B28,'Complexity of the crisis'!$C$6:$AN$300,22,FALSE) -> 6.2032687 | S28: =VLOOKUP($B28,'Complexity of the crisis'!$C$6:$AN$300,38,FALSE) -> 7 | T28: =VLOOKUP(B28,Lists!$C$3:$E$300,3,FALSE) -> Americas | U28: =VLOOKUP(B28,'INFORM Severity - hidden'!$C$5:$V$300,20,FALSE) -> 46265
A29: {=IFERROR(INDEX(Lists!$B$2:$B$200,SMALL(IF(Lists!$H$2:$H$200="Yes",ROW(Lists!$B$2:$B$200)),ROW(25:25))-1,1),"")} -> Climatic Shocks and Conflict and Violence in Honduras | B29: =VLOOKUP(A29,Lists!$B$2:$G$200,2,FALSE) -> HND001 | C29: =VLOOKUP(B29,'INFORM Severity - hidden'!$C$5:$D$200,2,FALSE) -> Honduras | D29: =VLOOKUP(A29,Lists!$B$2:$G$200,3,FALSE) -> HND | E29: =VLOOKUP(A29,Lists!$B$2:$G$200,5,FALSE) -> Drought/drier conditions,Conflict/ Violence | F29: =IF(OR(N29="x",K29="x"),"x",ROUND((10-GEOMEAN(((10-K29)/10*9+1),((10-N29)/10*9+1),((10-N29)/10*9+1)))/9*7+Q29*0.3,1)) -> 6.8 | G29: {=_xlfn.IFS(F29="x", "x", F29<=2, 1, F29<=4, 2, F29<=6, 3, F29<=8, 4, F29<=10, 5)} -> 4 | H29: =IF(N29="x","x",IF(K29="x","x",(IF(G29=5,"Very High",IF(G29=4,"High",IF(G29=3,"Medium",IF(G29=2,"Low","Very Low"))))))) -> High | I29: =INDEX(Trends!$D$3:$D$404,MATCH(B29,Trends!$C$3:$C$404,0)) -> Stable | J29: =VLOOKUP($B29,Reliability!$A$3:$I$300,9,FALSE) -> High | K29: =IF(OR(M29="x",L29="x"),"x",(10-GEOMEAN(((10-L29)/10*9+1),((10-M29)/10*9+1),((10-M29)/10*9+1)))/9*10) -> 7.6066855 | L29: =VLOOKUP($B29,'Impact of the crisis'!$C$6:$N$300,12,FALSE) -> 8.4297412 | M29: =VLOOKUP($B29,'Impact of the crisis'!$C$6:$AB$300,26,FALSE) -> 7.1047794 | N29: =VLOOKUP($B29,'Conditions of people affected'!$C$6:$R$300,16,FALSE) -> 6.9391233 | O29: =VLOOKUP($B29,'Conditions of people affected'!$C$6:$R$300,9,FALSE) -> 7.5263948 | P29: =VLOOKUP($B29,'Conditions of people affected'!$C$6:$R$300,15,FALSE) -> 6.3518519 | Q29: =IF(OR(S29="x",R29="x"),R29,(10-GEOMEAN(((10-R29)/10*9+1),((10-S29)/10*9+1)))/9*10) -> 6.0108704 | R29: =VLOOKUP($B29,'Complexity of the crisis'!$C$6:$AN$300,22,FALSE) -> 5.4698557 | S29: =VLOOKUP($B29,'Complexity of the crisis'!$C$6:$AN$300,38,FALSE) -> 6.5 | T29: =VLOOKUP(B29,Lists!$C$3:$E$300,3,FALSE) -> Americas | U29: =VLOOKUP(B29,'INFORM Severity - hidden'!$C$5:$V$300,20,FALSE) -> 46265
A30: {=IFERROR(INDEX(Lists!$B$2:$B$200,SMALL(IF(Lists!$H$2:$H$200="Yes",ROW(Lists!$B$2:$B$200)),ROW(26:26))-1,1),"")} -> Complex crisis in Haiti | B30: =VLOOKUP(A30,Lists!$B$2:$G$200,2,FALSE) -> HTI001 | C30: =VLOOKUP(B30,'INFORM Severity - hidden'!$C$5:$D$200,2,FALSE) -> Haiti | D30: =VLOOKUP(A30,Lists!$B$2:$G$200,3,FALSE) -> HTI | E30: =VLOOKUP(A30,Lists!$B$2:$G$200,5,FALSE) -> Conflict/ Violence,Political/economic crisis,Floods,Drought/drier conditions,Cyclone | F30: =IF(OR(N30="x",K30="x"),"x",ROUND((10-GEOMEAN(((10-K30)/10*9+1),((10-N30)/10*9+1),((10-N30)/10*9+1)))/9*7+Q30*0.3,1)) -> 8.9 | G30: {=_xlfn.IFS(F30="x", "x", F30<=2, 1, F30<=4, 2, F30<=6, 3, F30<=8, 4, F30<=10, 5)} -> 5 | H30: =IF(N30="x","x",IF(K30="x","x",(IF(G30=5,"Very High",IF(G30=4,"High",IF(G30=3,"Medium",IF(G30=2,"Low","Very Low"))))))) -> Very High | I30: =INDEX(Trends!$D$3:$D$404,MATCH(B30,Trends!$C$3:$C$404,0)) -> Increasing | J30: =VLOOKUP($B30,Reliability!$A$3:$I$300,9,FALSE) -> Very High | K30: =IF(OR(M30="x",L30="x"),"x",(10-GEOMEAN(((10-L30)/10*9+1),((10-M30)/10*9+1),((10-M30)/10*9+1)))/9*10) -> 9.1043458 | L30: =VLOOKUP($B30,'Impact of the crisis'!$C$6:$N$300,12,FALSE) -> 8.0495882 | M30: =VLOOKUP($B30,'Impact of the crisis'!$C$6:$AB$300,26,FALSE) -> 9.4864001 | N30: =VLOOKUP($B30,'Conditions of people affected'!$C$6:$R$300,16,FALSE) -> 9.3995567 | O30: =VLOOKUP($B30,'Conditions of people affected'!$C$6:$R$300,9,FALSE) -> 9.3570965 | P30: =VLOOKUP($B30,'Conditions of people affected'!$C$6:$R$300,15,FALSE) -> 9.4420168 | Q30: =IF(OR(S30="x",R30="x"),R30,(10-GEOMEAN(((10-R30)/10*9+1),((10-S30)/10*9+1)))/9*10) -> 8.0715509 | R30: =VLOOKUP($B30,'Complexity of the crisis'!$C$6:$AN$300,22,FALSE) -> 6.7347776 | S30: =VLOOKUP($B30,'Complexity of the crisis'!$C$6:$AN$300,38,FALSE) -> 9 | T30: =VLOOKUP(B30,Lists!$C$3:$E$300,3,FALSE) -> Americas | U30: =VLOOKUP(B30,'INFORM Severity - hidden'!$C$5:$V$300,20,FALSE) -> 46265
A31: {=IFERROR(INDEX(Lists!$B$2:$B$200,SMALL(IF(Lists!$H$2:$H$200="Yes",ROW(Lists!$B$2:$B$200)),ROW(27:27))-1,1),"")} -> Conflict in Papua | B31: =VLOOKUP(A31,Lists!$B$2:$G$200,2,FALSE) -> IDN002 | C31: =VLOOKUP(B31,'INFORM Severity - hidden'!$C$5:$D$200,2,FALSE) -> Indonesia | D31: =VLOOKUP(A31,Lists!$B$2:$G$200,3,FALSE) -> IDN | E31: =VLOOKUP(A31,Lists!$B$2:$G$200,5,FALSE) -> Conflict/ Violence | F31: =IF(OR(N31="x",K31="x"),"x",ROUND((10-GEOMEAN(((10-K31)/10*9+1),((10-N31)/10*9+1),((10-N31)/10*9+1)))/9*7+Q31*0.3,1)) -> 5.4 | G31: {=_xlfn.IFS(F31="x", "x", F31<=2, 1, F31<=4, 2, F31<=6, 3, F31<=8, 4, F31<=10, 5)} -> 3 | H31: =IF(N31="x","x",IF(K31="x","x",(IF(G31=5,"Very High",IF(G31=4,"High",IF(G31=3,"Medium",IF(G31=2,"Low","Very Low"))))))) -> Medium | I31: =INDEX(Trends!$D$3:$D$404,MATCH(B31,Trends!$C$3:$C$404,0)) -> Increasing | J31: =VLOOKUP($B31,Reliability!$A$3:$I$300,9,FALSE) -> Very High | K31: =IF(OR(M31="x",L31="x"),"x",(10-GEOMEAN(((10-L31)/10*9+1),((10-M31)/10*9+1),((10-M31)/10*9+1)))/9*10) -> 6.2623586 | L31: =VLOOKUP($B31,'Impact of the crisis'!$C$6:$N$300,12,FALSE) -> 4.1287356 | M31: =VLOOKUP($B31,'Impact of the crisis'!$C$6:$AB$300,26,FALSE) -> 7.0705338 | N31: =VLOOKUP($B31,'Conditions of people affected'!$C$6:$R$300,16,FALSE) -> 4.2612144 | O31: =VLOOKUP($B31,'Conditions of people affected'!$C$6:$R$300,9,FALSE) -> 3.6679018 | P31: =VLOOKUP($B31,'Conditions of people affected'!$C$6:$R$300,15,FALSE) -> 4.854527 | Q31: =IF(OR(S31="x",R31="x"),R31,(10-GEOMEAN(((10-R31)/10*9+1),((10-S31)/10*9+1)))/9*10) -> 6.3771833 | R31: =VLOOKUP($B31,'Complexity of the crisis'!$C$6:$AN$300,22,FALSE) -> 4.9052448 | S31: =VLOOKUP($B31,'Complexity of the crisis'!$C$6:$AN$300,38,FALSE) -> 7.5 | T31: =VLOOKUP(B31,Lists!$C$3:$E$300,3,FALSE) -> Asia | U31: =VLOOKUP(B31,'INFORM Severity - hidden'!$C$5:$V$300,20,FALSE) -> 46265
A32: {=IFERROR(INDEX(Lists!$B$2:$B$200,SMALL(IF(Lists!$H$2:$H$200="Yes",ROW(Lists!$B$2:$B$200)),ROW(28:28))-1,1),"")} -> Multiple crises in Indonesia | B32: =VLOOKUP(A32,Lists!$B$2:$G$200,2,FALSE) -> IDN007 | C32: =VLOOKUP(B32,'INFORM Severity - hidden'!$C$5:$D$200,2,FALSE) -> Indonesia | D32: =VLOOKUP(A32,Lists!$B$2:$G$200,3,FALSE) -> IDN | E32: =VLOOKUP(A32,Lists!$B$2:$G$200,5,FALSE) -> Conflict/ Violence,Floods,Cyclone | F32: =IF(OR(N32="x",K32="x"),"x",ROUND((10-GEOMEAN(((10-K32)/10*9+1),((10-N32)/10*9+1),((10-N32)/10*9+1)))/9*7+Q32*0.3,1)) -> 5.3 | G32: {=_xlfn.IFS(F32="x", "x", F32<=2, 1, F32<=4, 2, F32<=6, 3, F32<=8, 4, F32<=10, 5)} -> 3 | H32: =IF(N32="x","x",IF(K32="x","x",(IF(G32=5,"Very High",IF(G32=4,"High",IF(G32=3,"Medium",IF(G32=2,"Low","Very Low"))))))) -> Medium | I32: =INDEX(Trends!$D$3:$D$404,MATCH(B32,Trends!$C$3:$C$404,0)) -> Decreasing | J32: =VLOOKUP($B32,Reliability!$A$3:$I$300,9,FALSE) -> Very High | K32: =IF(OR(M32="x",L32="x"),"x",(10-GEOMEAN(((10-L32)/10*9+1),((10-M32)/10*9+1),((10-M32)/10*9+1)))/9*10) -> 5.7619228 | L32: =VLOOKUP($B32,'Impact of the crisis'!$C$6:$N$300,12,FALSE) -> 4.3497499 | M32: =VLOOKUP($B32,'Impact of the crisis'!$C$6:$AB$300,26,FALSE) -> 6.3532171 | N32: =VLOOKUP($B32,'Conditions of people affected'!$C$6:$R$300,16,FALSE) -> 4.252379 | O32: =VLOOKUP($B32,'Conditions of people affected'!$C$6:$R$300,9,FALSE) -> 3.799597 | P32: =VLOOKUP($B32,'Conditions of people affected'!$C$6:$R$300,15,FALSE) -> 4.705161 | Q32: =IF(OR(S32="x",R32="x"),R32,(10-GEOMEAN(((10-R32)/10*9+1),((10-S32)/10*9+1)))/9*10) -> 6.3771833 | R32: =VLOOKUP($B32,'Complexity of the crisis'!$C$6:$AN$300,22,FALSE) -> 4.9052448 | S32: =VLOOKUP($B32,'Complexity of the crisis'!$C$6:$AN$300,38,FALSE) -> 7.5 | T32: =VLOOKUP(B32,Lists!$C$3:$E$300,3,FALSE) -> Asia | U32: =VLOOKUP(B32,'INFORM Severity - hidden'!$C$5:$V$300,20,FALSE) -> 46265
A33: {=IFERROR(INDEX(Lists!$B$2:$B$200,SMALL(IF(Lists!$H$2:$H$200="Yes",ROW(Lists!$B$2:$B$200)),ROW(29:29))-1,1),"")} -> Multiple crises in Iran | B33: =VLOOKUP(A33,Lists!$B$2:$G$200,2,FALSE) -> IRN001 | C33: =VLOOKUP(B33,'INFORM Severity - hidden'!$C$5:$D$200,2,FALSE) -> Iran | D33: =VLOOKUP(A33,Lists!$B$2:$G$200,3,FALSE) -> IRN | E33: =VLOOKUP(A33,Lists!$B$2:$G$200,5,FALSE) -> Conflict/ Violence,International Displacement,Political/economic crisis | F33: =IF(OR(N33="x",K33="x"),"x",ROUND((10-GEOMEAN(((10-K33)/10*9+1),((10-N33)/10*9+1),((10-N33)/10*9+1)))/9*7+Q33*0.3,1)) -> 8.6 | G33: {=_xlfn.IFS(F33="x", "x", F33<=2, 1, F33<=4, 2, F33<=6, 3, F33<=8, 4, F33<=10, 5)} -> 5 | H33: =IF(N33="x","x",IF(K33="x","x",(IF(G33=5,"Very High",IF(G33=4,"High",IF(G33=3,"Medium",IF(G33=2,"Low","Very Low"))))))) -> Very High | I33: =INDEX(Trends!$D$3:$D$404,MATCH(B33,Trends!$C$3:$C$404,0)) -> Increasing | J33: =VLOOKUP($B33,Reliability!$A$3:$I$300,9,FALSE) -> High | K33: =IF(OR(M33="x",L33="x"),"x",(10-GEOMEAN(((10-L33)/10*9+1),((10-M33)/10*9+1),((10-M33)/10*9+1)))/9*10) -> 8.7909291 | L33: =VLOOKUP($B33,'Impact of the crisis'!$C$6:$N$300,12,FALSE) -> 9.7450274 | M33: =VLOOKUP($B33,'Impact of the crisis'!$C$6:$AB$300,26,FALSE) -> 8.0873712 | N33: =VLOOKUP($B33,'Conditions of people affected'!$C$6:$R$300,16,FALSE) -> 8.5112195 | O33: =VLOOKUP($B33,'Conditions of people affected'!$C$6:$R$300,9,FALSE) -> 10 | P33: =VLOOKUP($B33,'Conditions of people affected'!$C$6:$R$300,15,FALSE) -> 7.022439 | Q33: =IF(OR(S33="x",R33="x"),R33,(10-GEOMEAN(((10-R33)/10*9+1),((10-S33)/10*9+1)))/9*10) -> 8.6380806 | R33: =VLOOKUP($B33,'Complexity of the crisis'!$C$6:$AN$300,22,FALSE) -> 7.3150478 | S33: =VLOOKUP($B33,'Complexity of the crisis'!$C$6:$AN$300,38,FALSE) -> 9.5 | T33: =VLOOKUP(B33,Lists!$C$3:$E$300,3,FALSE) -> Middle east | U33: =VLOOKUP(B33,'INFORM Severity - hidden'!$C$5:$V$300,20,FALSE) -> 46265
A34: {=IFERROR(INDEX(Lists!$B$2:$B$200,SMALL(IF(Lists!$H$2:$H$200="Yes",ROW(Lists!$B$2:$B$200)),ROW(30:30))-1,1),"")} -> Internal displacement in Iraq | B34: =VLOOKUP(A34,Lists!$B$2:$G$200,2,FALSE) -> IRQ002 | C34: =VLOOKUP(B34,'INFORM Severity - hidden'!$C$5:$D$200,2,FALSE) -> Iraq | D34: =VLOOKUP(A34,Lists!$B$2:$G$200,3,FALSE) -> IRQ | E34: =VLOOKUP(A34,Lists!$B$2:$G$200,5,FALSE) -> Conflict/ Violence,Political/economic crisis | F34: =IF(OR(N34="x",K34="x"),"x",ROUND((10-GEOMEAN(((10-K34)/10*9+1),((10-N34)/10*9+1),((10-N34)/10*9+1)))/9*7+Q34*0.3,1)) -> 6.9 | G34: {=_xlfn.IFS(F34="x", "x", F34<=2, 1, F34<=4, 2, F34<=6, 3, F34<=8, 4, F34<=10, 5)} -> 4 | H34: =IF(N34="x","x",IF(K34="x","x",(IF(G34=5,"Very High",IF(G34=4,"High",IF(G34=3,"Medium",IF(G34=2,"Low","Very Low"))))))) -> High | I34: =INDEX(Trends!$D$3:$D$404,MATCH(B34,Trends!$C$3:$C$404,0)) -> Increasing | J34: =VLOOKUP($B34,Reliability!$A$3:$I$300,9,FALSE) -> High | K34: =IF(OR(M34="x",L34="x"),"x",(10-GEOMEAN(((10-L34)/10*9+1),((10-M34)/10*9+1),((10-M34)/10*9+1)))/9*10) -> 7.6730012 | L34: =VLOOKUP($B34,'Impact of the crisis'!$C$6:$N$300,12,FALSE) -> 9.3929738 | M34: =VLOOKUP($B34,'Impact of the crisis'!$C$6:$AB$300,26,FALSE) -> 6.2475911 | N34: =VLOOKUP($B34,'Conditions of people affected'!$C$6:$R$300,16,FALSE) -> 7.3614797 | O34: =VLOOKUP($B34,'Conditions of people affected'!$C$6:$R$300,9,FALSE) -> 8.1638991 | P34: =VLOOKUP($B34,'Conditions of people affected'!$C$6:$R$300,15,FALSE) -> 6.5590603 | Q34: =IF(OR(S34="x",R34="x"),R34,(10-GEOMEAN(((10-R34)/10*9+1),((10-S34)/10*9+1)))/9*10) -> 5.6476282 | R34: =VLOOKUP($B34,'Complexity of the crisis'!$C$6:$AN$300,22,FALSE) -> 4.6376941 | S34: =VLOOKUP($B34,'Complexity of the crisis'!$C$6:$AN$300,38,FALSE) -> 6.5 | T34: =VLOOKUP(B34,Lists!$C$3:$E$300,3,FALSE) -> Middle east | U34: =VLOOKUP(B34,'INFORM Severity - hidden'!$C$5:$V$300,20,FALSE) -> 46265
A35: {=IFERROR(INDEX(Lists!$B$2:$B$200,SMALL(IF(Lists!$H$2:$H$200="Yes",ROW(Lists!$B$2:$B$200)),ROW(31:31))-1,1),"")} -> International Displacement to Italy | B35: =VLOOKUP(A35,Lists!$B$2:$G$200,2,FALSE) -> ITA002 | C35: =VLOOKUP(B35,'INFORM Severity - hidden'!$C$5:$D$200,2,FALSE) -> Italy | D35: =VLOOKUP(A35,Lists!$B$2:$G$200,3,FALSE) -> ITA | E35: =VLOOKUP(A35,Lists!$B$2:$G$200,5,FALSE) -> International Displacement | F35: =IF(OR(N35="x",K35="x"),"x",ROUND((10-GEOMEAN(((10-K35)/10*9+1),((10-N35)/10*9+1),((10-N35)/10*9+1)))/9*7+Q35*0.3,1)) -> 3.9 | G35: {=_xlfn.IFS(F35="x", "x", F35<=2, 1, F35<=4, 2, F35<=6, 3, F35<=8, 4, F35<=10, 5)} -> 2 | H35: =IF(N35="x","x",IF(K35="x","x",(IF(G35=5,"Very High",IF(G35=4,"High",IF(G35=3,"Medium",IF(G35=2,"Low","Very Low"))))))) -> Low | I35: =INDEX(Trends!$D$3:$D$404,MATCH(B35,Trends!$C$3:$C$404,0)) -> Increasing | J35: =VLOOKUP($B35,Reliability!$A$3:$I$300,9,FALSE) -> Very High | K35: =IF(OR(M35="x",L35="x"),"x",(10-GEOMEAN(((10-L35)/10*9+1),((10-M35)/10*9+1),((10-M35)/10*9+1)))/9*10) -> 5.5324009 | L35: =VLOOKUP($B35,'Impact of the crisis'!$C$6:$N$300,12,FALSE) -> 4.8242454 | M35: =VLOOKUP($B35,'Impact of the crisis'!$C$6:$AB$300,26,FALSE) -> 5.8559793 | N35: =VLOOKUP($B35,'Conditions of people affected'!$C$6:$R$300,16,FALSE) -> 3.1208829 | O35: =VLOOKUP($B35,'Conditions of people affected'!$C$6:$R$300,9,FALSE) -> 3.5481933 | P35: =VLOOKUP($B35,'Conditions of people affected'!$C$6:$R$300,15,FALSE) -> 2.6935725 | Q35: =IF(OR(S35="x",R35="x"),R35,(10-GEOMEAN(((10-R35)/10*9+1),((10-S35)/10*9+1)))/9*10) -> 3.4674656 | R35: =VLOOKUP($B35,'Complexity of the crisis'!$C$6:$AN$300,22,FALSE) -> 3.4347921 | S35: =VLOOKUP($B35,'Complexity of the crisis'!$C$6:$AN$300,38,FALSE) -> 3.5 | T35: =VLOOKUP(B35,Lists!$C$3:$E$300,3,FALSE) -> Europe | U35: =VLOOKUP(B35,'INFORM Severity - hidden'!$C$5:$V$300,20,FALSE) -> 46265
A36: {=IFERROR(INDEX(Lists!$B$2:$B$200,SMALL(IF(Lists!$H$2:$H$200="Yes",ROW(Lists!$B$2:$B$200)),ROW(32:32))-1,1),"")} -> International displacement from Syria to Jordan | B36: =VLOOKUP(A36,Lists!$B$2:$G$200,2,FALSE) -> JOR002 | C36: =VLOOKUP(B36,'INFORM Severity - hidden'!$C$5:$D$200,2,FALSE) -> Jordan | D36: =VLOOKUP(A36,Lists!$B$2:$G$200,3,FALSE) -> JOR | E36: =VLOOKUP(A36,Lists!$B$2:$G$200,5,FALSE) -> International Displacement | F36: =IF(OR(N36="x",K36="x"),"x",ROUND((10-GEOMEAN(((10-K36)/10*9+1),((10-N36)/10*9+1),((10-N36)/10*9+1)))/9*7+Q36*0.3,1)) -> 5.7 | G36: {=_xlfn.IFS(F36="x", "x", F36<=2, 1, F36<=4, 2, F36<=6, 3, F36<=8, 4, F36<=10, 5)} -> 3 | H36: =IF(N36="x","x",IF(K36="x","x",(IF(G36=5,"Very High",IF(G36=4,"High",IF(G36=3,"Medium",IF(G36=2,"Low","Very Low"))))))) -> Medium | I36: =INDEX(Trends!$D$3:$D$404,MATCH(B36,Trends!$C$3:$C$404,0)) -> Decreasing | J36: =VLOOKUP($B36,Reliability!$A$3:$I$300,9,FALSE) -> High | K36: =IF(OR(M36="x",L36="x"),"x",(10-GEOMEAN(((10-L36)/10*9+1),((10-M36)/10*9+1),((10-M36)/10*9+1)))/9*10) -> 5.8329534 | L36: =VLOOKUP($B36,'Impact of the crisis'!$C$6:$N$300,12,FALSE) -> 6.2122791 | M36: =VLOOKUP($B36,'Impact of the crisis'!$C$6:$AB$300,26,FALSE) -> 5.6324143 | N36: =VLOOKUP($B36,'Conditions of people affected'!$C$6:$R$300,16,FALSE) -> 6.6971214 | O36: =VLOOKUP($B36,'Conditions of people affected'!$C$6:$R$300,9,FALSE) -> 7.3942428 | P36: =VLOOKUP($B36,'Conditions of people affected'!$C$6:$R$300,15,FALSE) -> 6 | Q36: =IF(OR(S36="x",R36="x"),R36,(10-GEOMEAN(((10-R36)/10*9+1),((10-S36)/10*9+1)))/9*10) -> 3.9736693 | R36: =VLOOKUP($B36,'Complexity of the crisis'!$C$6:$AN$300,22,FALSE) -> 4.4178603 | S36: =VLOOKUP($B36,'Complexity of the crisis'!$C$6:$AN$300,38,FALSE) -> 3.5 | T36: =VLOOKUP(B36,Lists!$C$3:$E$300,3,FALSE) -> Middle east | U36: =VLOOKUP(B36,'INFORM Severity - hidden'!$C$5:$V$300,20,FALSE) -> 46265
A37: {=IFERROR(INDEX(Lists!$B$2:$B$200,SMALL(IF(Lists!$H$2:$H$200="Yes",ROW(Lists!$B$2:$B$200)),ROW(33:33))-1,1),"")} -> Multiple crises in Kenya | B37: =VLOOKUP(A37,Lists!$B$2:$G$200,2,FALSE) -> KEN001 | C37: =VLOOKUP(B37,'INFORM Severity - hidden'!$C$5:$D$200,2,FALSE) -> Kenya | D37: =VLOOKUP(A37,Lists!$B$2:$G$200,3,FALSE) -> KEN | E37: =VLOOKUP(A37,Lists!$B$2:$G$200,5,FALSE) -> Drought/drier conditions,International Displacement | F37: =IF(OR(N37="x",K37="x"),"x",ROUND((10-GEOMEAN(((10-K37)/10*9+1),((10-N37)/10*9+1),((10-N37)/10*9+1)))/9*7+Q37*0.3,1)) -> 7.1 | G37: {=_xlfn.IFS(F37="x", "x", F37<=2, 1, F37<=4, 2, F37<=6, 3, F37<=8, 4, F37<=10, 5)} -> 4 | H37: =IF(N37="x","x",IF(K37="x","x",(IF(G37=5,"Very High",IF(G37=4,"High",IF(G37=3,"Medium",IF(G37=2,"Low","Very Low"))))))) -> High | I37: =INDEX(Trends!$D$3:$D$404,MATCH(B37,Trends!$C$3:$C$404,0)) -> Increasing | J37: =VLOOKUP($B37,Reliability!$A$3:$I$300,9,FALSE) -> Medium | K37: =IF(OR(M37="x",L37="x"),"x",(10-GEOMEAN(((10-L37)/10*9+1),((10-M37)/10*9+1),((10-M37)/10*9+1)))/9*10) -> 7.2927974 | L37: =VLOOKUP($B37,'Impact of the crisis'!$C$6:$N$300,12,FALSE) -> 7.8133764 | M37: =VLOOKUP($B37,'Impact of the crisis'!$C$6:$AB$300,26,FALSE) -> 7.0024572 | N37: =VLOOKUP($B37,'Conditions of people affected'!$C$6:$R$300,16,FALSE) -> 8.1504473 | O37: =VLOOKUP($B37,'Conditions of people affected'!$C$6:$R$300,9,FALSE) -> 8.7156211 | P37: =VLOOKUP($B37,'Conditions of people affected'!$C$6:$R$300,15,FALSE) -> 7.5852734 | Q37: =IF(OR(S37="x",R37="x"),R37,(10-GEOMEAN(((10-R37)/10*9+1),((10-S37)/10*9+1)))/9*10) -> 5.3583605 | R37: =VLOOKUP($B37,'Complexity of the crisis'!$C$6:$AN$300,22,FALSE) -> 5.6957065 | S37: =VLOOKUP($B37,'Complexity of the crisis'!$C$6:$AN$300,38,FALSE) -> 5 | T37: =VLOOKUP(B37,Lists!$C$3:$E$300,3,FALSE) -> Africa | U37: =VLOOKUP(B37,'INFORM Severity - hidden'!$C$5:$V$300,20,FALSE) -> 46265
A38: {=IFERROR(INDEX(Lists!$B$2:$B$200,SMALL(IF(Lists!$H$2:$H$200="Yes",ROW(Lists!$B$2:$B$200)),ROW(34:34))-1,1),"")} -> Complex crisis in Lebanon | B38: =VLOOKUP(A38,Lists!$B$2:$G$200,2,FALSE) -> LBN006 | C38: =VLOOKUP(B38,'INFORM Severity - hidden'!$C$5:$D$200,2,FALSE) -> Lebanon | D38: =VLOOKUP(A38,Lists!$B$2:$G$200,3,FALSE) -> LBN | E38: =VLOOKUP(A38,Lists!$B$2:$G$200,5,FALSE) -> Conflict/ Violence,Political/economic crisis | F38: =IF(OR(N38="x",K38="x"),"x",ROUND((10-GEOMEAN(((10-K38)/10*9+1),((10-N38)/10*9+1),((10-N38)/10*9+1)))/9*7+Q38*0.3,1)) -> 8.1 | G38: {=_xlfn.IFS(F38="x", "x", F38<=2, 1, F38<=4, 2, F38<=6, 3, F38<=8, 4, F38<=10, 5)} -> 5 | H38: =IF(N38="x","x",IF(K38="x","x",(IF(G38=5,"Very High",IF(G38=4,"High",IF(G38=3,"Medium",IF(G38=2,"Low","Very Low"))))))) -> Very High | I38: =INDEX(Trends!$D$3:$D$404,MATCH(B38,Trends!$C$3:$C$404,0)) -> Increasing | J38: =VLOOKUP($B38,Reliability!$A$3:$I$300,9,FALSE) -> Very High | K38: =IF(OR(M38="x",L38="x"),"x",(10-GEOMEAN(((10-L38)/10*9+1),((10-M38)/10*9+1),((10-M38)/10*9+1)))/9*10) -> 8.7512376 | L38: =VLOOKUP($B38,'Impact of the crisis'!$C$6:$N$300,12,FALSE) -> 7.0651708 | M38: =VLOOKUP($B38,'Impact of the crisis'!$C$6:$AB$300,26,FALSE) -> 9.3088266 | N38: =VLOOKUP($B38,'Conditions of people affected'!$C$6:$R$300,16,FALSE) -> 7.4280213 | O38: =VLOOKUP($B38,'Conditions of people affected'!$C$6:$R$300,9,FALSE) -> 8.5843444 | P38: =VLOOKUP($B38,'Conditions of people affected'!$C$6:$R$300,15,FALSE) -> 6.2716981 | Q38: =IF(OR(S38="x",R38="x"),R38,(10-GEOMEAN(((10-R38)/10*9+1),((10-S38)/10*9+1)))/9*10) -> 8.3299068 | R38: =VLOOKUP($B38,'Complexity of the crisis'!$C$6:$AN$300,22,FALSE) -> 6.3100161 | S38: =VLOOKUP($B38,'Complexity of the crisis'!$C$6:$AN$300,38,FALSE) -> 9.5 | T38: =VLOOKUP(B38,Lists!$C$3:$E$300,3,FALSE) -> Middle east | U38: =VLOOKUP(B38,'INFORM Severity - hidden'!$C$5:$V$300,20,FALSE) -> 46265
A39: {=IFERROR(INDEX(Lists!$B$2:$B$200,SMALL(IF(Lists!$H$2:$H$200="Yes",ROW(Lists!$B$2:$B$200)),ROW(35:35))-1,1),"")} -> Multiple crises in Libya | B39: =VLOOKUP(A39,Lists!$B$2:$G$200,2,FALSE) -> LBY005 | C39: =VLOOKUP(B39,'INFORM Severity - hidden'!$C$5:$D$200,2,FALSE) -> Libya | D39: =VLOOKUP(A39,Lists!$B$2:$G$200,3,FALSE) -> LBY | E39: =VLOOKUP(A39,Lists!$B$2:$G$200,5,FALSE) -> International Displacement | F39: =IF(OR(N39="x",K39="x"),"x",ROUND((10-GEOMEAN(((10-K39)/10*9+1),((10-N39)/10*9+1),((10-N39)/10*9+1)))/9*7+Q39*0.3,1)) -> 7.2 | G39: {=_xlfn.IFS(F39="x", "x", F39<=2, 1, F39<=4, 2, F39<=6, 3, F39<=8, 4, F39<=10, 5)} -> 4 | H39: =IF(N39="x","x",IF(K39="x","x",(IF(G39=5,"Very High",IF(G39=4,"High",IF(G39=3,"Medium",IF(G39=2,"Low","Very Low"))))))) -> High | I39: =INDEX(Trends!$D$3:$D$404,MATCH(B39,Trends!$C$3:$C$404,0)) -> Decreasing | J39: =VLOOKUP($B39,Reliability!$A$3:$I$300,9,FALSE) -> Very High | K39: =IF(OR(M39="x",L39="x"),"x",(10-GEOMEAN(((10-L39)/10*9+1),((10-M39)/10*9+1),((10-M39)/10*9+1)))/9*10) -> 8.0506882 | L39: =VLOOKUP($B39,'Impact of the crisis'!$C$6:$N$300,12,FALSE) -> 9.2294629 | M39: =VLOOKUP($B39,'Impact of the crisis'!$C$6:$AB$300,26,FALSE) -> 7.2080715 | N39: =VLOOKUP($B39,'Conditions of people affected'!$C$6:$R$300,16,FALSE) -> 7.5097511 | O39: =VLOOKUP($B39,'Conditions of people affected'!$C$6:$R$300,9,FALSE) -> 7.0195022 | P39: =VLOOKUP($B39,'Conditions of people affected'!$C$6:$R$300,15,FALSE) -> 8 | Q39: =IF(OR(S39="x",R39="x"),R39,(10-GEOMEAN(((10-R39)/10*9+1),((10-S39)/10*9+1)))/9*10) -> 6.0328971 | R39: =VLOOKUP($B39,'Complexity of the crisis'!$C$6:$AN$300,22,FALSE) -> 6.5151841 | S39: =VLOOKUP($B39,'Complexity of the crisis'!$C$6:$AN$300,38,FALSE) -> 5.5 | T39: =VLOOKUP(B39,Lists!$C$3:$E$300,3,FALSE) -> Africa | U39: =VLOOKUP(B39,'INFORM Severity - hidden'!$C$5:$V$300,20,FALSE) -> 46265
A40: {=IFERROR(INDEX(Lists!$B$2:$B$200,SMALL(IF(Lists!$H$2:$H$200="Yes",ROW(Lists!$B$2:$B$200)),ROW(36:36))-1,1),"")} -> Drought in Lesotho | B40: =VLOOKUP(A40,Lists!$B$2:$G$200,2,FALSE) -> LSO004 | C40: =VLOOKUP(B40,'INFORM Severity - hidden'!$C$5:$D$200,2,FALSE) -> Lesotho | D40: =VLOOKUP(A40,Lists!$B$2:$G$200,3,FALSE) -> LSO | E40: =VLOOKUP(A40,Lists!$B$2:$G$200,5,FALSE) -> Drought/drier conditions | F40: =IF(OR(N40="x",K40="x"),"x",ROUND((10-GEOMEAN(((10-K40)/10*9+1),((10-N40)/10*9+1),((10-N40)/10*9+1)))/9*7+Q40*0.3,1)) -> 4.7 | G40: {=_xlfn.IFS(F40="x", "x", F40<=2, 1, F40<=4, 2, F40<=6, 3, F40<=8, 4, F40<=10, 5)} -> 3 | H40: =IF(N40="x","x",IF(K40="x","x",(IF(G40=5,"Very High",IF(G40=4,"High",IF(G40=3,"Medium",IF(G40=2,"Low","Very Low"))))))) -> Medium | I40: =INDEX(Trends!$D$3:$D$404,MATCH(B40,Trends!$C$3:$C$404,0)) -> Decreasing | J40: =VLOOKUP($B40,Reliability!$A$3:$I$300,9,FALSE) -> High | K40: =IF(OR(M40="x",L40="x"),"x",(10-GEOMEAN(((10-L40)/10*9+1),((10-M40)/10*9+1),((10-M40)/10*9+1)))/9*10) -> 5.4120476 | L40: =VLOOKUP($B40,'Impact of the crisis'!$C$6:$N$300,12,FALSE) -> 5.9468341 | M40: =VLOOKUP($B40,'Impact of the crisis'!$C$6:$AB$300,26,FALSE) -> 5.1242322 | N40: =VLOOKUP($B40,'Conditions of people affected'!$C$6:$R$300,16,FALSE) -> 5.2820264 | O40: =VLOOKUP($B40,'Conditions of people affected'!$C$6:$R$300,9,FALSE) -> 4.5640529 | P40: =VLOOKUP($B40,'Conditions of people affected'!$C$6:$R$300,15,FALSE) -> 6 | Q40: =IF(OR(S40="x",R40="x"),R40,(10-GEOMEAN(((10-R40)/10*9+1),((10-S40)/10*9+1)))/9*10) -> 3.2343415 | R40: =VLOOKUP($B40,'Complexity of the crisis'!$C$6:$AN$300,22,FALSE) -> 4.3014587 | S40: =VLOOKUP($B40,'Complexity of the crisis'!$C$6:$AN$300,38,FALSE) -> 2 | T40: =VLOOKUP(B40,Lists!$C$3:$E$300,3,FALSE) -> Africa | U40: =VLOOKUP(B40,'INFORM Severity - hidden'!$C$5:$V$300,20,FALSE) -> 46258
A41: {=IFERROR(INDEX(Lists!$B$2:$B$200,SMALL(IF(Lists!$H$2:$H$200="Yes",ROW(Lists!$B$2:$B$200)),ROW(37:37))-1,1),"")} -> International displacement to Morocco | B41: =VLOOKUP(A41,Lists!$B$2:$G$200,2,FALSE) -> MAR002 | C41: =VLOOKUP(B41,'INFORM Severity - hidden'!$C$5:$D$200,2,FALSE) -> Morocco | D41: =VLOOKUP(A41,Lists!$B$2:$G$200,3,FALSE) -> MAR | E41: =VLOOKUP(A41,Lists!$B$2:$G$200,5,FALSE) -> International Displacement | F41: =IF(OR(N41="x",K41="x"),"x",ROUND((10-GEOMEAN(((10-K41)/10*9+1),((10-N41)/10*9+1),((10-N41)/10*9+1)))/9*7+Q41*0.3,1)) -> 3.5 | G41: {=_xlfn.IFS(F41="x", "x", F41<=2, 1, F41<=4, 2, F41<=6, 3, F41<=8, 4, F41<=10, 5)} -> 2 | H41: =IF(N41="x","x",IF(K41="x","x",(IF(G41=5,"Very High",IF(G41=4,"High",IF(G41=3,"Medium",IF(G41=2,"Low","Very Low"))))))) -> Low | I41: =INDEX(Trends!$D$3:$D$404,MATCH(B41,Trends!$C$3:$C$404,0)) -> Increasing | J41: =VLOOKUP($B41,Reliability!$A$3:$I$300,9,FALSE) -> High | K41: =IF(OR(M41="x",L41="x"),"x",(10-GEOMEAN(((10-L41)/10*9+1),((10-M41)/10*9+1),((10-M41)/10*9+1)))/9*10) -> 4.1587944 | L41: =VLOOKUP($B41,'Impact of the crisis'!$C$6:$N$300,12,FALSE) -> 1.8676022 | M41: =VLOOKUP($B41,'Impact of the crisis'!$C$6:$AB$300,26,FALSE) -> 5.0816862 | N41: =VLOOKUP($B41,'Conditions of people affected'!$C$6:$R$300,16,FALSE) -> 2.0257054 | O41: =VLOOKUP($B41,'Conditions of people affected'!$C$6:$R$300,9,FALSE) -> 1.5904042 | P41: =VLOOKUP($B41,'Conditions of people affected'!$C$6:$R$300,15,FALSE) -> 2.4610065 | Q41: =IF(OR(S41="x",R41="x"),R41,(10-GEOMEAN(((10-R41)/10*9+1),((10-S41)/10*9+1)))/9*10) -> 5.1808307 | R41: =VLOOKUP($B41,'Complexity of the crisis'!$C$6:$AN$300,22,FALSE) -> 5.7915476 | S41: =VLOOKUP($B41,'Complexity of the crisis'!$C$6:$AN$300,38,FALSE) -> 4.5 | T41: =VLOOKUP(B41,Lists!$C$3:$E$300,3,FALSE) -> Africa | U41: =VLOOKUP(B41,'INFORM Severity - hidden'!$C$5:$V$300,20,FALSE) -> 46265
A42: {=IFERROR(INDEX(Lists!$B$2:$B$200,SMALL(IF(Lists!$H$2:$H$200="Yes",ROW(Lists!$B$2:$B$200)),ROW(38:38))-1,1),"")} -> Multiple crisis in Madagascar | B42: =VLOOKUP(A42,Lists!$B$2:$G$200,2,FALSE) -> MDG001 | C42: =VLOOKUP(B42,'INFORM Severity - hidden'!$C$5:$D$200,2,FALSE) -> Madagascar | D42: =VLOOKUP(A42,Lists!$B$2:$G$200,3,FALSE) -> MDG | E42: =VLOOKUP(A42,Lists!$B$2:$G$200,5,FALSE) -> Drought/drier conditions,Cyclone | F42: =IF(OR(N42="x",K42="x"),"x",ROUND((10-GEOMEAN(((10-K42)/10*9+1),((10-N42)/10*9+1),((10-N42)/10*9+1)))/9*7+Q42*0.3,1)) -> 6.2 | G42: {=_xlfn.IFS(F42="x", "x", F42<=2, 1, F42<=4, 2, F42<=6, 3, F42<=8, 4, F42<=10, 5)} -> 4 | H42: =IF(N42="x","x",IF(K42="x","x",(IF(G42=5,"Very High",IF(G42=4,"High",IF(G42=3,"Medium",IF(G42=2,"Low","Very Low"))))))) -> High | I42: =INDEX(Trends!$D$3:$D$404,MATCH(B42,Trends!$C$3:$C$404,0)) -> Stable | J42: =VLOOKUP($B42,Reliability!$A$3:$I$300,9,FALSE) -> High | K42: =IF(OR(M42="x",L42="x"),"x",(10-GEOMEAN(((10-L42)/10*9+1),((10-M42)/10*9+1),((10-M42)/10*9+1)))/9*10) -> 5.5492244 | L42: =VLOOKUP($B42,'Impact of the crisis'!$C$6:$N$300,12,FALSE) -> 7.2319512 | M42: =VLOOKUP($B42,'Impact of the crisis'!$C$6:$AB$300,26,FALSE) -> 4.4512623 | N42: =VLOOKUP($B42,'Conditions of people affected'!$C$6:$R$300,16,FALSE) -> 6.9842683 | O42: =VLOOKUP($B42,'Conditions of people affected'!$C$6:$R$300,9,FALSE) -> 7.8047817 | P42: =VLOOKUP($B42,'Conditions of people affected'!$C$6:$R$300,15,FALSE) -> 6.1637548 | Q42: =IF(OR(S42="x",R42="x"),R42,(10-GEOMEAN(((10-R42)/10*9+1),((10-S42)/10*9+1)))/9*10) -> 5.3324018 | R42: =VLOOKUP($B42,'Complexity of the crisis'!$C$6:$AN$300,22,FALSE) -> 5.1597977 | S42: =VLOOKUP($B42,'Complexity of the crisis'!$C$6:$AN$300,38,FALSE) -> 5.5 | T42: =VLOOKUP(B42,Lists!$C$3:$E$300,3,FALSE) -> Africa | U42: =VLOOKUP(B42,'INFORM Severity - hidden'!$C$5:$V$300,20,FALSE) -> 46203
A43: {=IFERROR(INDEX(Lists!$B$2:$B$200,SMALL(IF(Lists!$H$2:$H$200="Yes",ROW(Lists!$B$2:$B$200)),ROW(39:39))-1,1),"")} -> International Displacement to Mexico | B43: =VLOOKUP(A43,Lists!$B$2:$G$200,2,FALSE) -> MEX003 | C43: =VLOOKUP(B43,'INFORM Severity - hidden'!$C$5:$D$200,2,FALSE) -> Mexico | D43: =VLOOKUP(A43,Lists!$B$2:$G$200,3,FALSE) -> MEX | E43: =VLOOKUP(A43,Lists!$B$2:$G$200,5,FALSE) -> International Displacement | F43: =IF(OR(N43="x",K43="x"),"x",ROUND((10-GEOMEAN(((10-K43)/10*9+1),((10-N43)/10*9+1),((10-N43)/10*9+1)))/9*7+Q43*0.3,1)) -> 5.8 | G43: {=_xlfn.IFS(F43="x", "x", F43<=2, 1, F43<=4, 2, F43<=6, 3, F43<=8, 4, F43<=10, 5)} -> 3 | H43: =IF(N43="x","x",IF(K43="x","x",(IF(G43=5,"Very High",IF(G43=4,"High",IF(G43=3,"Medium",IF(G43=2,"Low","Very Low"))))))) -> Medium | I43: =INDEX(Trends!$D$3:$D$404,MATCH(B43,Trends!$C$3:$C$404,0)) -> Increasing | J43: =VLOOKUP($B43,Reliability!$A$3:$I$300,9,FALSE) -> High | K43: =IF(OR(M43="x",L43="x"),"x",(10-GEOMEAN(((10-L43)/10*9+1),((10-M43)/10*9+1),((10-M43)/10*9+1)))/9*10) -> 5.616835 | L43: =VLOOKUP($B43,'Impact of the crisis'!$C$6:$N$300,12,FALSE) -> 5.3067201 | M43: =VLOOKUP($B43,'Impact of the crisis'!$C$6:$AB$300,26,FALSE) -> 5.7656228 | N43: =VLOOKUP($B43,'Conditions of people affected'!$C$6:$R$300,16,FALSE) -> 6.602779 | O43: =VLOOKUP($B43,'Conditions of people affected'!$C$6:$R$300,9,FALSE) -> 7.205558 | P43: =VLOOKUP($B43,'Conditions of people affected'!$C$6:$R$300,15,FALSE) -> 6 | Q43: =IF(OR(S43="x",R43="x"),R43,(10-GEOMEAN(((10-R43)/10*9+1),((10-S43)/10*9+1)))/9*10) -> 4.5988395 | R43: =VLOOKUP($B43,'Complexity of the crisis'!$C$6:$AN$300,22,FALSE) -> 5.1472497 | S43: =VLOOKUP($B43,'Complexity of the crisis'!$C$6:$AN$300,38,FALSE) -> 4 | T43: =VLOOKUP(B43,Lists!$C$3:$E$300,3,FALSE) -> Americas | U43: =VLOOKUP(B43,'INFORM Severity - hidden'!$C$5:$V$300,20,FALSE) -> 46265
A44: {=IFERROR(INDEX(Lists!$B$2:$B$200,SMALL(IF(Lists!$H$2:$H$200="Yes",ROW(Lists!$B$2:$B$200)),ROW(40:40))-1,1),"")} -> Complex crisis in Mali | B44: =VLOOKUP(A44,Lists!$B$2:$G$200,2,FALSE) -> MLI001 | C44: =VLOOKUP(B44,'INFORM Severity - hidden'!$C$5:$D$200,2,FALSE) -> Mali | D44: =VLOOKUP(A44,Lists!$B$2:$G$200,3,FALSE) -> MLI | E44: =VLOOKUP(A44,Lists!$B$2:$G$200,5,FALSE) -> Conflict/ Violence,Drought/drier conditions,Political/economic crisis | F44: =IF(OR(N44="x",K44="x"),"x",ROUND((10-GEOMEAN(((10-K44)/10*9+1),((10-N44)/10*9+1),((10-N44)/10*9+1)))/9*7+Q44*0.3,1)) -> 8.6 | G44: {=_xlfn.IFS(F44="x", "x", F44<=2, 1, F44<=4, 2, F44<=6, 3, F44<=8, 4, F44<=10, 5)} -> 5 | H44: =IF(N44="x","x",IF(K44="x","x",(IF(G44=5,"Very High",IF(G44=4,"High",IF(G44=3,"Medium",IF(G44=2,"Low","Very Low"))))))) -> Very High | I44: =INDEX(Trends!$D$3:$D$404,MATCH(B44,Trends!$C$3:$C$404,0)) -> Increasing | J44: =VLOOKUP($B44,Reliability!$A$3:$I$300,9,FALSE) -> High | K44: =IF(OR(M44="x",L44="x"),"x",(10-GEOMEAN(((10-L44)/10*9+1),((10-M44)/10*9+1),((10-M44)/10*9+1)))/9*10) -> 9.5520534 | L44: =VLOOKUP($B44,'Impact of the crisis'!$C$6:$N$300,12,FALSE) -> 9.8555758 | M44: =VLOOKUP($B44,'Impact of the crisis'!$C$6:$AB$300,26,FALSE) -> 9.3737951 | N44: =VLOOKUP($B44,'Conditions of people affected'!$C$6:$R$300,16,FALSE) -> 7.9999519 | O44: =VLOOKUP($B44,'Conditions of people affected'!$C$6:$R$300,9,FALSE) -> 9.0909907 | P44: =VLOOKUP($B44,'Conditions of people affected'!$C$6:$R$300,15,FALSE) -> 6.9089131 | Q44: =IF(OR(S44="x",R44="x"),R44,(10-GEOMEAN(((10-R44)/10*9+1),((10-S44)/10*9+1)))/9*10) -> 8.4627498 | R44: =VLOOKUP($B44,'Complexity of the crisis'!$C$6:$AN$300,22,FALSE) -> 6.7577069 | S44: =VLOOKUP($B44,'Complexity of the crisis'!$C$6:$AN$300,38,FALSE) -> 9.5 | T44: =VLOOKUP(B44,Lists!$C$3:$E$300,3,FALSE) -> Africa | U44: =VLOOKUP(B44,'INFORM Severity - hidden'!$C$5:$V$300,20,FALSE) -> 46260
A45: {=IFERROR(INDEX(Lists!$B$2:$B$200,SMALL(IF(Lists!$H$2:$H$200="Yes",ROW(Lists!$B$2:$B$200)),ROW(41:41))-1,1),"")} -> Complex crisis in Myanmar | B45: =VLOOKUP(A45,Lists!$B$2:$G$200,2,FALSE) -> MMR008 | C45: =VLOOKUP(B45,'INFORM Severity - hidden'!$C$5:$D$200,2,FALSE) -> Myanmar | D45: =VLOOKUP(A45,Lists!$B$2:$G$200,3,FALSE) -> MMR | E45: =VLOOKUP(A45,Lists!$B$2:$G$200,5,FALSE) -> Conflict/ Violence,Earthquake,International Displacement,Cyclone,Floods | F45: =IF(OR(N45="x",K45="x"),"x",ROUND((10-GEOMEAN(((10-K45)/10*9+1),((10-N45)/10*9+1),((10-N45)/10*9+1)))/9*7+Q45*0.3,1)) -> 9.5 | G45: {=_xlfn.IFS(F45="x", "x", F45<=2, 1, F45<=4, 2, F45<=6, 3, F45<=8, 4, F45<=10, 5)} -> 5 | H45: =IF(N45="x","x",IF(K45="x","x",(IF(G45=5,"Very High",IF(G45=4,"High",IF(G45=3,"Medium",IF(G45=2,"Low","Very Low"))))))) -> Very High | I45: =INDEX(Trends!$D$3:$D$404,MATCH(B45,Trends!$C$3:$C$404,0)) -> Increasing | J45: =VLOOKUP($B45,Reliability!$A$3:$I$300,9,FALSE) -> Very High | K45: =IF(OR(M45="x",L45="x"),"x",(10-GEOMEAN(((10-L45)/10*9+1),((10-M45)/10*9+1),((10-M45)/10*9+1)))/9*10) -> 9.7751741 | L45: =VLOOKUP($B45,'Impact of the crisis'!$C$6:$N$300,12,FALSE) -> 9.8666051 | M45: =VLOOKUP($B45,'Impact of the crisis'!$C$6:$AB$300,26,FALSE) -> 9.7269696 | N45: =VLOOKUP($B45,'Conditions of people affected'!$C$6:$R$300,16,FALSE) -> 9.5362477 | O45: =VLOOKUP($B45,'Conditions of people affected'!$C$6:$R$300,9,FALSE) -> 10 | P45: =VLOOKUP($B45,'Conditions of people affected'!$C$6:$R$300,15,FALSE) -> 9.0724954 | Q45: =IF(OR(S45="x",R45="x"),R45,(10-GEOMEAN(((10-R45)/10*9+1),((10-S45)/10*9+1)))/9*10) -> 9.1762198 | R45: =VLOOKUP($B45,'Complexity of the crisis'!$C$6:$AN$300,22,FALSE) -> 7.7416872 | S45: =VLOOKUP($B45,'Complexity of the crisis'!$C$6:$AN$300,38,FALSE) -> 10 | T45: =VLOOKUP(B45,Lists!$C$3:$E$300,3,FALSE) -> Asia | U45: =VLOOKUP(B45,'INFORM Severity - hidden'!$C$5:$V$300,20,FALSE) -> 46265
A46: {=IFERROR(INDEX(Lists!$B$2:$B$200,SMALL(IF(Lists!$H$2:$H$200="Yes",ROW(Lists!$B$2:$B$200)),ROW(42:42))-1,1),"")} -> Multiple crises in Mauritania | B46: =VLOOKUP(A46,Lists!$B$2:$G$200,2,FALSE) -> MRT004 | C46: =VLOOKUP(B46,'INFORM Severity - hidden'!$C$5:$D$200,2,FALSE) -> Mauritania | D46: =VLOOKUP(A46,Lists!$B$2:$G$200,3,FALSE) -> MRT | E46: =VLOOKUP(A46,Lists!$B$2:$G$200,5,FALSE) -> Drought/drier conditions,Floods,International Displacement | F46: =IF(OR(N46="x",K46="x"),"x",ROUND((10-GEOMEAN(((10-K46)/10*9+1),((10-N46)/10*9+1),((10-N46)/10*9+1)))/9*7+Q46*0.3,1)) -> 6.1 | G46: {=_xlfn.IFS(F46="x", "x", F46<=2, 1, F46<=4, 2, F46<=6, 3, F46<=8, 4, F46<=10, 5)} -> 4 | H46: =IF(N46="x","x",IF(K46="x","x",(IF(G46=5,"Very High",IF(G46=4,"High",IF(G46=3,"Medium",IF(G46=2,"Low","Very Low"))))))) -> High | I46: =INDEX(Trends!$D$3:$D$404,MATCH(B46,Trends!$C$3:$C$404,0)) -> Decreasing | J46: =VLOOKUP($B46,Reliability!$A$3:$I$300,9,FALSE) -> High | K46: =IF(OR(M46="x",L46="x"),"x",(10-GEOMEAN(((10-L46)/10*9+1),((10-M46)/10*9+1),((10-M46)/10*9+1)))/9*10) -> 6.9217879 | L46: =VLOOKUP($B46,'Impact of the crisis'!$C$6:$N$300,12,FALSE) -> 9.0962946 | M46: =VLOOKUP($B46,'Impact of the crisis'!$C$6:$AB$300,26,FALSE) -> 5.0702612 | N46: =VLOOKUP($B46,'Conditions of people affected'!$C$6:$R$300,16,FALSE) -> 6.5295422 | O46: =VLOOKUP($B46,'Conditions of people affected'!$C$6:$R$300,9,FALSE) -> 6.6782018 | P46: =VLOOKUP($B46,'Conditions of people affected'!$C$6:$R$300,15,FALSE) -> 6.3808826 | Q46: =IF(OR(S46="x",R46="x"),R46,(10-GEOMEAN(((10-R46)/10*9+1),((10-S46)/10*9+1)))/9*10) -> 4.6684717 | R46: =VLOOKUP($B46,'Complexity of the crisis'!$C$6:$AN$300,22,FALSE) -> 4.8326502 | S46: =VLOOKUP($B46,'Complexity of the crisis'!$C$6:$AN$300,38,FALSE) -> 4.5 | T46: =VLOOKUP(B46,Lists!$C$3:$E$300,3,FALSE) -> Africa | U46: =VLOOKUP(B46,'INFORM Severity - hidden'!$C$5:$V$300,20,FALSE) -> 46265
A47: {=IFERROR(INDEX(Lists!$B$2:$B$200,SMALL(IF(Lists!$H$2:$H$200="Yes",ROW(Lists!$B$2:$B$200)),ROW(43:43))-1,1),"")} -> Climatic shocks in Malawi | B47: =VLOOKUP(A47,Lists!$B$2:$G$200,2,FALSE) -> MWI002 | C47: =VLOOKUP(B47,'INFORM Severity - hidden'!$C$5:$D$200,2,FALSE) -> Malawi | D47: =VLOOKUP(A47,Lists!$B$2:$G$200,3,FALSE) -> MWI | E47: =VLOOKUP(A47,Lists!$B$2:$G$200,5,FALSE) -> Drought/drier conditions,Cyclone,Floods,Political/economic crisis | F47: =IF(OR(N47="x",K47="x"),"x",ROUND((10-GEOMEAN(((10-K47)/10*9+1),((10-N47)/10*9+1),((10-N47)/10*9+1)))/9*7+Q47*0.3,1)) -> 6.6 | G47: {=_xlfn.IFS(F47="x", "x", F47<=2, 1, F47<=4, 2, F47<=6, 3, F47<=8, 4, F47<=10, 5)} -> 4 | H47: =IF(N47="x","x",IF(K47="x","x",(IF(G47=5,"Very High",IF(G47=4,"High",IF(G47=3,"Medium",IF(G47=2,"Low","Very Low"))))))) -> High | I47: =INDEX(Trends!$D$3:$D$404,MATCH(B47,Trends!$C$3:$C$404,0)) -> Increasing | J47: =VLOOKUP($B47,Reliability!$A$3:$I$300,9,FALSE) -> High | K47: =IF(OR(M47="x",L47="x"),"x",(10-GEOMEAN(((10-L47)/10*9+1),((10-M47)/10*9+1),((10-M47)/10*9+1)))/9*10) -> 6.3318355 | L47: =VLOOKUP($B47,'Impact of the crisis'!$C$6:$N$300,12,FALSE) -> 8.3716805 | M47: =VLOOKUP($B47,'Impact of the crisis'!$C$6:$AB$300,26,FALSE) -> 4.7984429 | N47: =VLOOKUP($B47,'Conditions of people affected'!$C$6:$R$300,16,FALSE) -> 6.8111349 | O47: =VLOOKUP($B47,'Conditions of people affected'!$C$6:$R$300,9,FALSE) -> 7.6222699 | P47: =VLOOKUP($B47,'Conditions of people affected'!$C$6:$R$300,15,FALSE) -> 6 | Q47: =IF(OR(S47="x",R47="x"),R47,(10-GEOMEAN(((10-R47)/10*9+1),((10-S47)/10*9+1)))/9*10) -> 6.569236 | R47: =VLOOKUP($B47,'Complexity of the crisis'!$C$6:$AN$300,22,FALSE) -> 4.48048 | S47: =VLOOKUP($B47,'Complexity of the crisis'!$C$6:$AN$300,38,FALSE) -> 8 | T47: =VLOOKUP(B47,Lists!$C$3:$E$300,3,FALSE) -> Africa | U47: =VLOOKUP(B47,'INFORM Severity - hidden'!$C$5:$V$300,20,FALSE) -> 46261
A48: {=IFERROR(INDEX(Lists!$B$2:$B$200,SMALL(IF(Lists!$H$2:$H$200="Yes",ROW(Lists!$B$2:$B$200)),ROW(44:44))-1,1),"")} -> International Displacement to Malaysia | B48: =VLOOKUP(A48,Lists!$B$2:$G$200,2,FALSE) -> MYS001 | C48: =VLOOKUP(B48,'INFORM Severity - hidden'!$C$5:$D$200,2,FALSE) -> Malaysia | D48: =VLOOKUP(A48,Lists!$B$2:$G$200,3,FALSE) -> MYS | E48: =VLOOKUP(A48,Lists!$B$2:$G$200,5,FALSE) -> International Displacement | F48: =IF(OR(N48="x",K48="x"),"x",ROUND((10-GEOMEAN(((10-K48)/10*9+1),((10-N48)/10*9+1),((10-N48)/10*9+1)))/9*7+Q48*0.3,1)) -> 3.8 | G48: {=_xlfn.IFS(F48="x", "x", F48<=2, 1, F48<=4, 2, F48<=6, 3, F48<=8, 4, F48<=10, 5)} -> 2 | H48: =IF(N48="x","x",IF(K48="x","x",(IF(G48=5,"Very High",IF(G48=4,"High",IF(G48=3,"Medium",IF(G48=2,"Low","Very Low"))))))) -> Low | I48: =INDEX(Trends!$D$3:$D$404,MATCH(B48,Trends!$C$3:$C$404,0)) -> Decreasing | J48: =VLOOKUP($B48,Reliability!$A$3:$I$300,9,FALSE) -> Very High | K48: =IF(OR(M48="x",L48="x"),"x",(10-GEOMEAN(((10-L48)/10*9+1),((10-M48)/10*9+1),((10-M48)/10*9+1)))/9*10) -> 3.7164839 | L48: =VLOOKUP($B48,'Impact of the crisis'!$C$6:$N$300,12,FALSE) -> 3.5857714 | M48: =VLOOKUP($B48,'Impact of the crisis'!$C$6:$AB$300,26,FALSE) -> 3.7809862 | N48: =VLOOKUP($B48,'Conditions of people affected'!$C$6:$R$300,16,FALSE) -> 3.9886914 | O48: =VLOOKUP($B48,'Conditions of people affected'!$C$6:$R$300,9,FALSE) -> 4.4481792 | P48: =VLOOKUP($B48,'Conditions of people affected'!$C$6:$R$300,15,FALSE) -> 3.5292035 | Q48: =IF(OR(S48="x",R48="x"),R48,(10-GEOMEAN(((10-R48)/10*9+1),((10-S48)/10*9+1)))/9*10) -> 3.4178916 | R48: =VLOOKUP($B48,'Complexity of the crisis'!$C$6:$AN$300,22,FALSE) -> 3.3348975 | S48: =VLOOKUP($B48,'Complexity of the crisis'!$C$6:$AN$300,38,FALSE) -> 3.5 | T48: =VLOOKUP(B48,Lists!$C$3:$E$300,3,FALSE) -> Asia | U48: =VLOOKUP(B48,'INFORM Severity - hidden'!$C$5:$V$300,20,FALSE) -> 46265
A49: {=IFERROR(INDEX(Lists!$B$2:$B$200,SMALL(IF(Lists!$H$2:$H$200="Yes",ROW(Lists!$B$2:$B$200)),ROW(45:45))-1,1),"")} -> Drought in Namibia | B49: =VLOOKUP(A49,Lists!$B$2:$G$200,2,FALSE) -> NAM002 | C49: =VLOOKUP(B49,'INFORM Severity - hidden'!$C$5:$D$200,2,FALSE) -> Namibia | D49: =VLOOKUP(A49,Lists!$B$2:$G$200,3,FALSE) -> NAM | E49: =VLOOKUP(A49,Lists!$B$2:$G$200,5,FALSE) -> Drought/drier conditions | F49: =IF(OR(N49="x",K49="x"),"x",ROUND((10-GEOMEAN(((10-K49)/10*9+1),((10-N49)/10*9+1),((10-N49)/10*9+1)))/9*7+Q49*0.3,1)) -> 5.3 | G49: {=_xlfn.IFS(F49="x", "x", F49<=2, 1, F49<=4, 2, F49<=6, 3, F49<=8, 4, F49<=10, 5)} -> 3 | H49: =IF(N49="x","x",IF(K49="x","x",(IF(G49=5,"Very High",IF(G49=4,"High",IF(G49=3,"Medium",IF(G49=2,"Low","Very Low"))))))) -> Medium | I49: =INDEX(Trends!$D$3:$D$404,MATCH(B49,Trends!$C$3:$C$404,0)) -> Stable | J49: =VLOOKUP($B49,Reliability!$A$3:$I$300,9,FALSE) -> Medium | K49: =IF(OR(M49="x",L49="x"),"x",(10-GEOMEAN(((10-L49)/10*9+1),((10-M49)/10*9+1),((10-M49)/10*9+1)))/9*10) -> 5.8759212 | L49: =VLOOKUP($B49,'Impact of the crisis'!$C$6:$N$300,12,FALSE) -> 8.6803252 | M49: =VLOOKUP($B49,'Impact of the crisis'!$C$6:$AB$300,26,FALSE) -> 3.428209 | N49: =VLOOKUP($B49,'Conditions of people affected'!$C$6:$R$300,16,FALSE) -> 5.6844336 | O49: =VLOOKUP($B49,'Conditions of people affected'!$C$6:$R$300,9,FALSE) -> 5.3688672 | P49: =VLOOKUP($B49,'Conditions of people affected'!$C$6:$R$300,15,FALSE) -> 6 | Q49: =IF(OR(S49="x",R49="x"),R49,(10-GEOMEAN(((10-R49)/10*9+1),((10-S49)/10*9+1)))/9*10) -> 4.2305663 | R49: =VLOOKUP($B49,'Complexity of the crisis'!$C$6:$AN$300,22,FALSE) -> 4.4536568 | S49: =VLOOKUP($B49,'Complexity of the crisis'!$C$6:$AN$300,38,FALSE) -> 4 | T49: =VLOOKUP(B49,Lists!$C$3:$E$300,3,FALSE) -> Africa | U49: =VLOOKUP(B49,'INFORM Severity - hidden'!$C$5:$V$300,20,FALSE) -> 46261
A50: {=IFERROR(INDEX(Lists!$B$2:$B$200,SMALL(IF(Lists!$H$2:$H$200="Yes",ROW(Lists!$B$2:$B$200)),ROW(46:46))-1,1),"")} -> Complex crisis in Niger | B50: =VLOOKUP(A50,Lists!$B$2:$G$200,2,FALSE) -> NER006 | C50: =VLOOKUP(B50,'INFORM Severity - hidden'!$C$5:$D$200,2,FALSE) -> Niger | D50: =VLOOKUP(A50,Lists!$B$2:$G$200,3,FALSE) -> NER | E50: =VLOOKUP(A50,Lists!$B$2:$G$200,5,FALSE) -> Conflict/ Violence,Drought/drier conditions,Floods | F50: =IF(OR(N50="x",K50="x"),"x",ROUND((10-GEOMEAN(((10-K50)/10*9+1),((10-N50)/10*9+1),((10-N50)/10*9+1)))/9*7+Q50*0.3,1)) -> 7.8 | G50: {=_xlfn.IFS(F50="x", "x", F50<=2, 1, F50<=4, 2, F50<=6, 3, F50<=8, 4, F50<=10, 5)} -> 4 | H50: =IF(N50="x","x",IF(K50="x","x",(IF(G50=5,"Very High",IF(G50=4,"High",IF(G50=3,"Medium",IF(G50=2,"Low","Very Low"))))))) -> High | I50: =INDEX(Trends!$D$3:$D$404,MATCH(B50,Trends!$C$3:$C$404,0)) -> Increasing | J50: =VLOOKUP($B50,Reliability!$A$3:$I$300,9,FALSE) -> High | K50: =IF(OR(M50="x",L50="x"),"x",(10-GEOMEAN(((10-L50)/10*9+1),((10-M50)/10*9+1),((10-M50)/10*9+1)))/9*10) -> 7.3895738 | L50: =VLOOKUP($B50,'Impact of the crisis'!$C$6:$N$300,12,FALSE) -> 7.048245 | M50: =VLOOKUP($B50,'Impact of the crisis'!$C$6:$AB$300,26,FALSE) -> 7.5493294 | N50: =VLOOKUP($B50,'Conditions of people affected'!$C$6:$R$300,16,FALSE) -> 7.5627573 | O50: =VLOOKUP($B50,'Conditions of people affected'!$C$6:$R$300,9,FALSE) -> 8.295639 | P50: =VLOOKUP($B50,'Conditions of people affected'!$C$6:$R$300,15,FALSE) -> 6.8298755 | Q50: =IF(OR(S50="x",R50="x"),R50,(10-GEOMEAN(((10-R50)/10*9+1),((10-S50)/10*9+1)))/9*10) -> 8.39373 | R50: =VLOOKUP($B50,'Complexity of the crisis'!$C$6:$AN$300,22,FALSE) -> 6.5278394 | S50: =VLOOKUP($B50,'Complexity of the crisis'!$C$6:$AN$300,38,FALSE) -> 9.5 | T50: =VLOOKUP(B50,Lists!$C$3:$E$300,3,FALSE) -> Africa | U50: =VLOOKUP(B50,'INFORM Severity - hidden'!$C$5:$V$300,20,FALSE) -> 46260
A51: {=IFERROR(INDEX(Lists!$B$2:$B$200,SMALL(IF(Lists!$H$2:$H$200="Yes",ROW(Lists!$B$2:$B$200)),ROW(47:47))-1,1),"")} -> Multiple Crises in Nigeria | B51: =VLOOKUP(A51,Lists!$B$2:$G$200,2,FALSE) -> NGA009 | C51: =VLOOKUP(B51,'INFORM Severity - hidden'!$C$5:$D$200,2,FALSE) -> Nigeria | D51: =VLOOKUP(A51,Lists!$B$2:$G$200,3,FALSE) -> NGA | E51: =VLOOKUP(A51,Lists!$B$2:$G$200,5,FALSE) -> Conflict/ Violence,International Displacement | F51: =IF(OR(N51="x",K51="x"),"x",ROUND((10-GEOMEAN(((10-K51)/10*9+1),((10-N51)/10*9+1),((10-N51)/10*9+1)))/9*7+Q51*0.3,1)) -> 8.5 | G51: {=_xlfn.IFS(F51="x", "x", F51<=2, 1, F51<=4, 2, F51<=6, 3, F51<=8, 4, F51<=10, 5)} -> 5 | H51: =IF(N51="x","x",IF(K51="x","x",(IF(G51=5,"Very High",IF(G51=4,"High",IF(G51=3,"Medium",IF(G51=2,"Low","Very Low"))))))) -> Very High | I51: =INDEX(Trends!$D$3:$D$404,MATCH(B51,Trends!$C$3:$C$404,0)) -> Increasing | J51: =VLOOKUP($B51,Reliability!$A$3:$I$300,9,FALSE) -> Very High | K51: =IF(OR(M51="x",L51="x"),"x",(10-GEOMEAN(((10-L51)/10*9+1),((10-M51)/10*9+1),((10-M51)/10*9+1)))/9*10) -> 8.5027723 | L51: =VLOOKUP($B51,'Impact of the crisis'!$C$6:$N$300,12,FALSE) -> 7.8070517 | M51: =VLOOKUP($B51,'Impact of the crisis'!$C$6:$AB$300,26,FALSE) -> 8.7935987 | N51: =VLOOKUP($B51,'Conditions of people affected'!$C$6:$R$300,16,FALSE) -> 8.506222 | O51: =VLOOKUP($B51,'Conditions of people affected'!$C$6:$R$300,9,FALSE) -> 10 | P51: =VLOOKUP($B51,'Conditions of people affected'!$C$6:$R$300,15,FALSE) -> 7.012444 | Q51: =IF(OR(S51="x",R51="x"),R51,(10-GEOMEAN(((10-R51)/10*9+1),((10-S51)/10*9+1)))/9*10) -> 8.4005624 | R51: =VLOOKUP($B51,'Complexity of the crisis'!$C$6:$AN$300,22,FALSE) -> 6.550858 | S51: =VLOOKUP($B51,'Complexity of the crisis'!$C$6:$AN$300,38,FALSE) -> 9.5 | T51: =VLOOKUP(B51,Lists!$C$3:$E$300,3,FALSE) -> Africa | U51: =VLOOKUP(B51,'INFORM Severity - hidden'!$C$5:$V$300,20,FALSE) -> 46265
A52: {=IFERROR(INDEX(Lists!$B$2:$B$200,SMALL(IF(Lists!$H$2:$H$200="Yes",ROW(Lists!$B$2:$B$200)),ROW(48:48))-1,1),"")} -> Multiple crises in Pakistan | B52: =VLOOKUP(A52,Lists!$B$2:$G$200,2,FALSE) -> PAK008 | C52: =VLOOKUP(B52,'INFORM Severity - hidden'!$C$5:$D$200,2,FALSE) -> Pakistan | D52: =VLOOKUP(A52,Lists!$B$2:$G$200,3,FALSE) -> PAK | E52: =VLOOKUP(A52,Lists!$B$2:$G$200,5,FALSE) -> Floods,International Displacement,Political/economic crisis,Conflict/ Violence | F52: =IF(OR(N52="x",K52="x"),"x",ROUND((10-GEOMEAN(((10-K52)/10*9+1),((10-N52)/10*9+1),((10-N52)/10*9+1)))/9*7+Q52*0.3,1)) -> 8.3 | G52: {=_xlfn.IFS(F52="x", "x", F52<=2, 1, F52<=4, 2, F52<=6, 3, F52<=8, 4, F52<=10, 5)} -> 5 | H52: =IF(N52="x","x",IF(K52="x","x",(IF(G52=5,"Very High",IF(G52=4,"High",IF(G52=3,"Medium",IF(G52=2,"Low","Very Low"))))))) -> Very High | I52: =INDEX(Trends!$D$3:$D$404,MATCH(B52,Trends!$C$3:$C$404,0)) -> Increasing | J52: =VLOOKUP($B52,Reliability!$A$3:$I$300,9,FALSE) -> High | K52: =IF(OR(M52="x",L52="x"),"x",(10-GEOMEAN(((10-L52)/10*9+1),((10-M52)/10*9+1),((10-M52)/10*9+1)))/9*10) -> 7.9761776 | L52: =VLOOKUP($B52,'Impact of the crisis'!$C$6:$N$300,12,FALSE) -> 7.4151571 | M52: =VLOOKUP($B52,'Impact of the crisis'!$C$6:$AB$300,26,FALSE) -> 8.2238954 | N52: =VLOOKUP($B52,'Conditions of people affected'!$C$6:$R$300,16,FALSE) -> 8.5174856 | O52: =VLOOKUP($B52,'Conditions of people affected'!$C$6:$R$300,9,FALSE) -> 10 | P52: =VLOOKUP($B52,'Conditions of people affected'!$C$6:$R$300,15,FALSE) -> 7.0349711 | Q52: =IF(OR(S52="x",R52="x"),R52,(10-GEOMEAN(((10-R52)/10*9+1),((10-S52)/10*9+1)))/9*10) -> 8.1136051 | R52: =VLOOKUP($B52,'Complexity of the crisis'!$C$6:$AN$300,22,FALSE) -> 6.8550385 | S52: =VLOOKUP($B52,'Complexity of the crisis'!$C$6:$AN$300,38,FALSE) -> 9 | T52: =VLOOKUP(B52,Lists!$C$3:$E$300,3,FALSE) -> Asia | U52: =VLOOKUP(B52,'INFORM Severity - hidden'!$C$5:$V$300,20,FALSE) -> 46265
A53: {=IFERROR(INDEX(Lists!$B$2:$B$200,SMALL(IF(Lists!$H$2:$H$200="Yes",ROW(Lists!$B$2:$B$200)),ROW(49:49))-1,1),"")} -> Displacement from Venezuela to Panama | B53: =VLOOKUP(A53,Lists!$B$2:$G$200,2,FALSE) -> PAN002 | C53: =VLOOKUP(B53,'INFORM Severity - hidden'!$C$5:$D$200,2,FALSE) -> Panama | D53: =VLOOKUP(A53,Lists!$B$2:$G$200,3,FALSE) -> PAN | E53: =VLOOKUP(A53,Lists!$B$2:$G$200,5,FALSE) -> International Displacement | F53: =IF(OR(N53="x",K53="x"),"x",ROUND((10-GEOMEAN(((10-K53)/10*9+1),((10-N53)/10*9+1),((10-N53)/10*9+1)))/9*7+Q53*0.3,1)) -> 3.9 | G53: {=_xlfn.IFS(F53="x", "x", F53<=2, 1, F53<=4, 2, F53<=6, 3, F53<=8, 4, F53<=10, 5)} -> 2 | H53: =IF(N53="x","x",IF(K53="x","x",(IF(G53=5,"Very High",IF(G53=4,"High",IF(G53=3,"Medium",IF(G53=2,"Low","Very Low"))))))) -> Low | I53: =INDEX(Trends!$D$3:$D$404,MATCH(B53,Trends!$C$3:$C$404,0)) -> Decreasing | J53: =VLOOKUP($B53,Reliability!$A$3:$I$300,9,FALSE) -> Very High | K53: =IF(OR(M53="x",L53="x"),"x",(10-GEOMEAN(((10-L53)/10*9+1),((10-M53)/10*9+1),((10-M53)/10*9+1)))/9*10) -> 5.3348384 | L53: =VLOOKUP($B53,'Impact of the crisis'!$C$6:$N$300,12,FALSE) -> 7.693186 | M53: =VLOOKUP($B53,'Impact of the crisis'!$C$6:$AB$300,26,FALSE) -> 3.6019702 | N53: =VLOOKUP($B53,'Conditions of people affected'!$C$6:$R$300,16,FALSE) -> 2.7155442 | O53: =VLOOKUP($B53,'Conditions of people affected'!$C$6:$R$300,9,FALSE) -> 2.3006536 | P53: =VLOOKUP($B53,'Conditions of people affected'!$C$6:$R$300,15,FALSE) -> 3.1304348 | Q53: =IF(OR(S53="x",R53="x"),R53,(10-GEOMEAN(((10-R53)/10*9+1),((10-S53)/10*9+1)))/9*10) -> 4.2904356 | R53: =VLOOKUP($B53,'Complexity of the crisis'!$C$6:$AN$300,22,FALSE) -> 4.0742283 | S53: =VLOOKUP($B53,'Complexity of the crisis'!$C$6:$AN$300,38,FALSE) -> 4.5 | T53: =VLOOKUP(B53,Lists!$C$3:$E$300,3,FALSE) -> Americas | U53: =VLOOKUP(B53,'INFORM Severity - hidden'!$C$5:$V$300,20,FALSE) -> 46265
A54: {=IFERROR(INDEX(Lists!$B$2:$B$200,SMALL(IF(Lists!$H$2:$H$200="Yes",ROW(Lists!$B$2:$B$200)),ROW(50:50))-1,1),"")} -> Displacement from Venezuela to Peru | B54: =VLOOKUP(A54,Lists!$B$2:$G$200,2,FALSE) -> PER002 | C54: =VLOOKUP(B54,'INFORM Severity - hidden'!$C$5:$D$200,2,FALSE) -> Peru | D54: =VLOOKUP(A54,Lists!$B$2:$G$200,3,FALSE) -> PER | E54: =VLOOKUP(A54,Lists!$B$2:$G$200,5,FALSE) -> International Displacement | F54: =IF(OR(N54="x",K54="x"),"x",ROUND((10-GEOMEAN(((10-K54)/10*9+1),((10-N54)/10*9+1),((10-N54)/10*9+1)))/9*7+Q54*0.3,1)) -> 6 | G54: {=_xlfn.IFS(F54="x", "x", F54<=2, 1, F54<=4, 2, F54<=6, 3, F54<=8, 4, F54<=10, 5)} -> 3 | H54: =IF(N54="x","x",IF(K54="x","x",(IF(G54=5,"Very High",IF(G54=4,"High",IF(G54=3,"Medium",IF(G54=2,"Low","Very Low"))))))) -> Medium | I54: =INDEX(Trends!$D$3:$D$404,MATCH(B54,Trends!$C$3:$C$404,0)) -> Stable | J54: =VLOOKUP($B54,Reliability!$A$3:$I$300,9,FALSE) -> Very High | K54: =IF(OR(M54="x",L54="x"),"x",(10-GEOMEAN(((10-L54)/10*9+1),((10-M54)/10*9+1),((10-M54)/10*9+1)))/9*10) -> 6.4773329 | L54: =VLOOKUP($B54,'Impact of the crisis'!$C$6:$N$300,12,FALSE) -> 7.7913375 | M54: =VLOOKUP($B54,'Impact of the crisis'!$C$6:$AB$300,26,FALSE) -> 5.6365586 | N54: =VLOOKUP($B54,'Conditions of people affected'!$C$6:$R$300,16,FALSE) -> 6.8543341 | O54: =VLOOKUP($B54,'Conditions of people affected'!$C$6:$R$300,9,FALSE) -> 7.7086681 | P54: =VLOOKUP($B54,'Conditions of people affected'!$C$6:$R$300,15,FALSE) -> 6 | Q54: =IF(OR(S54="x",R54="x"),R54,(10-GEOMEAN(((10-R54)/10*9+1),((10-S54)/10*9+1)))/9*10) -> 4.2247043 | R54: =VLOOKUP($B54,'Complexity of the crisis'!$C$6:$AN$300,22,FALSE) -> 3.9379449 | S54: =VLOOKUP($B54,'Complexity of the crisis'!$C$6:$AN$300,38,FALSE) -> 4.5 | T54: =VLOOKUP(B54,Lists!$C$3:$E$300,3,FALSE) -> Americas | U54: =VLOOKUP(B54,'INFORM Severity - hidden'!$C$5:$V$300,20,FALSE) -> 46265
A55: {=IFERROR(INDEX(Lists!$B$2:$B$200,SMALL(IF(Lists!$H$2:$H$200="Yes",ROW(Lists!$B$2:$B$200)),ROW(51:51))-1,1),"")} -> Multiple crises in the Philippines | B55: =VLOOKUP(A55,Lists!$B$2:$G$200,2,FALSE) -> PHL001 | C55: =VLOOKUP(B55,'INFORM Severity - hidden'!$C$5:$D$200,2,FALSE) -> Philippines | D55: =VLOOKUP(A55,Lists!$B$2:$G$200,3,FALSE) -> PHL | E55: =VLOOKUP(A55,Lists!$B$2:$G$200,5,FALSE) -> Conflict/ Violence,Cyclone,Floods | F55: =IF(OR(N55="x",K55="x"),"x",ROUND((10-GEOMEAN(((10-K55)/10*9+1),((10-N55)/10*9+1),((10-N55)/10*9+1)))/9*7+Q55*0.3,1)) -> 6.1 | G55: {=_xlfn.IFS(F55="x", "x", F55<=2, 1, F55<=4, 2, F55<=6, 3, F55<=8, 4, F55<=10, 5)} -> 4 | H55: =IF(N55="x","x",IF(K55="x","x",(IF(G55=5,"Very High",IF(G55=4,"High",IF(G55=3,"Medium",IF(G55=2,"Low","Very Low"))))))) -> High | I55: =INDEX(Trends!$D$3:$D$404,MATCH(B55,Trends!$C$3:$C$404,0)) -> Increasing | J55: =VLOOKUP($B55,Reliability!$A$3:$I$300,9,FALSE) -> Very High | K55: =IF(OR(M55="x",L55="x"),"x",(10-GEOMEAN(((10-L55)/10*9+1),((10-M55)/10*9+1),((10-M55)/10*9+1)))/9*10) -> 5.2858079 | L55: =VLOOKUP($B55,'Impact of the crisis'!$C$6:$N$300,12,FALSE) -> 2.4245378 | M55: =VLOOKUP($B55,'Impact of the crisis'!$C$6:$AB$300,26,FALSE) -> 6.3407248 | N55: =VLOOKUP($B55,'Conditions of people affected'!$C$6:$R$300,16,FALSE) -> 6.7049607 | O55: =VLOOKUP($B55,'Conditions of people affected'!$C$6:$R$300,9,FALSE) -> 7.4099215 | P55: =VLOOKUP($B55,'Conditions of people affected'!$C$6:$R$300,15,FALSE) -> 6 | Q55: =IF(OR(S55="x",R55="x"),R55,(10-GEOMEAN(((10-R55)/10*9+1),((10-S55)/10*9+1)))/9*10) -> 5.8121465 | R55: =VLOOKUP($B55,'Complexity of the crisis'!$C$6:$AN$300,22,FALSE) -> 5.0216838 | S55: =VLOOKUP($B55,'Complexity of the crisis'!$C$6:$AN$300,38,FALSE) -> 6.5 | T55: =VLOOKUP(B55,Lists!$C$3:$E$300,3,FALSE) -> Asia | U55: =VLOOKUP(B55,'INFORM Severity - hidden'!$C$5:$V$300,20,FALSE) -> 46265
A56: {=IFERROR(INDEX(Lists!$B$2:$B$200,SMALL(IF(Lists!$H$2:$H$200="Yes",ROW(Lists!$B$2:$B$200)),ROW(52:52))-1,1),"")} -> Multiple crises in Palestine | B56: =VLOOKUP(A56,Lists!$B$2:$G$200,2,FALSE) -> PSE002 | C56: =VLOOKUP(B56,'INFORM Severity - hidden'!$C$5:$D$200,2,FALSE) -> Palestine | D56: =VLOOKUP(A56,Lists!$B$2:$G$200,3,FALSE) -> PSE | E56: =VLOOKUP(A56,Lists!$B$2:$G$200,5,FALSE) -> Conflict/ Violence | F56: =IF(OR(N56="x",K56="x"),"x",ROUND((10-GEOMEAN(((10-K56)/10*9+1),((10-N56)/10*9+1),((10-N56)/10*9+1)))/9*7+Q56*0.3,1)) -> 8.4 | G56: {=_xlfn.IFS(F56="x", "x", F56<=2, 1, F56<=4, 2, F56<=6, 3, F56<=8, 4, F56<=10, 5)} -> 5 | H56: =IF(N56="x","x",IF(K56="x","x",(IF(G56=5,"Very High",IF(G56=4,"High",IF(G56=3,"Medium",IF(G56=2,"Low","Very Low"))))))) -> Very High | I56: =INDEX(Trends!$D$3:$D$404,MATCH(B56,Trends!$C$3:$C$404,0)) -> Decreasing | J56: =VLOOKUP($B56,Reliability!$A$3:$I$300,9,FALSE) -> High | K56: =IF(OR(M56="x",L56="x"),"x",(10-GEOMEAN(((10-L56)/10*9+1),((10-M56)/10*9+1),((10-M56)/10*9+1)))/9*10) -> 8.7683007 | L56: =VLOOKUP($B56,'Impact of the crisis'!$C$6:$N$300,12,FALSE) -> 6.9342173 | M56: =VLOOKUP($B56,'Impact of the crisis'!$C$6:$AB$300,26,FALSE) -> 9.3565076 | N56: =VLOOKUP($B56,'Conditions of people affected'!$C$6:$R$300,16,FALSE) -> 8.026419 | O56: =VLOOKUP($B56,'Conditions of people affected'!$C$6:$R$300,9,FALSE) -> 8.5290286 | P56: =VLOOKUP($B56,'Conditions of people affected'!$C$6:$R$300,15,FALSE) -> 7.5238095 | Q56: =IF(OR(S56="x",R56="x"),R56,(10-GEOMEAN(((10-R56)/10*9+1),((10-S56)/10*9+1)))/9*10) -> 8.7927019 | R56: =VLOOKUP($B56,'Complexity of the crisis'!$C$6:$AN$300,22,FALSE) -> 6.2735918 | S56: =VLOOKUP($B56,'Complexity of the crisis'!$C$6:$AN$300,38,FALSE) -> 10 | T56: =VLOOKUP(B56,Lists!$C$3:$E$300,3,FALSE) -> Middle east | U56: =VLOOKUP(B56,'INFORM Severity - hidden'!$C$5:$V$300,20,FALSE) -> 46265
A57: {=IFERROR(INDEX(Lists!$B$2:$B$200,SMALL(IF(Lists!$H$2:$H$200="Yes",ROW(Lists!$B$2:$B$200)),ROW(53:53))-1,1),"")} -> Complex crisis in Sudan | B57: =VLOOKUP(A57,Lists!$B$2:$G$200,2,FALSE) -> SDN001 | C57: =VLOOKUP(B57,'INFORM Severity - hidden'!$C$5:$D$200,2,FALSE) -> Sudan | D57: =VLOOKUP(A57,Lists!$B$2:$G$200,3,FALSE) -> SDN | E57: =VLOOKUP(A57,Lists!$B$2:$G$200,5,FALSE) -> International Displacement,Conflict/ Violence,Political/economic crisis | F57: =IF(OR(N57="x",K57="x"),"x",ROUND((10-GEOMEAN(((10-K57)/10*9+1),((10-N57)/10*9+1),((10-N57)/10*9+1)))/9*7+Q57*0.3,1)) -> 9.5 | G57: {=_xlfn.IFS(F57="x", "x", F57<=2, 1, F57<=4, 2, F57<=6, 3, F57<=8, 4, F57<=10, 5)} -> 5 | H57: =IF(N57="x","x",IF(K57="x","x",(IF(G57=5,"Very High",IF(G57=4,"High",IF(G57=3,"Medium",IF(G57=2,"Low","Very Low"))))))) -> Very High | I57: =INDEX(Trends!$D$3:$D$404,MATCH(B57,Trends!$C$3:$C$404,0)) -> Decreasing | J57: =VLOOKUP($B57,Reliability!$A$3:$I$300,9,FALSE) -> High | K57: =IF(OR(M57="x",L57="x"),"x",(10-GEOMEAN(((10-L57)/10*9+1),((10-M57)/10*9+1),((10-M57)/10*9+1)))/9*10) -> 9.9144768 | L57: =VLOOKUP($B57,'Impact of the crisis'!$C$6:$N$300,12,FALSE) -> 9.9633061 | M57: =VLOOKUP($B57,'Impact of the crisis'!$C$6:$AB$300,26,FALSE) -> 9.8892886 | N57: =VLOOKUP($B57,'Conditions of people affected'!$C$6:$R$300,16,FALSE) -> 9.6541586 | O57: =VLOOKUP($B57,'Conditions of people affected'!$C$6:$R$300,9,FALSE) -> 10 | P57: =VLOOKUP($B57,'Conditions of people affected'!$C$6:$R$300,15,FALSE) -> 9.3083172 | Q57: =IF(OR(S57="x",R57="x"),R57,(10-GEOMEAN(((10-R57)/10*9+1),((10-S57)/10*9+1)))/9*10) -> 9.0327372 | R57: =VLOOKUP($B57,'Complexity of the crisis'!$C$6:$AN$300,22,FALSE) -> 8.4299564 | S57: =VLOOKUP($B57,'Complexity of the crisis'!$C$6:$AN$300,38,FALSE) -> 9.5 | T57: =VLOOKUP(B57,Lists!$C$3:$E$300,3,FALSE) -> Africa | U57: =VLOOKUP(B57,'INFORM Severity - hidden'!$C$5:$V$300,20,FALSE) -> 46265
A58: {=IFERROR(INDEX(Lists!$B$2:$B$200,SMALL(IF(Lists!$H$2:$H$200="Yes",ROW(Lists!$B$2:$B$200)),ROW(54:54))-1,1),"")} -> Political and Economic crisis in El Salvador | B58: =VLOOKUP(A58,Lists!$B$2:$G$200,2,FALSE) -> SLV001 | C58: =VLOOKUP(B58,'INFORM Severity - hidden'!$C$5:$D$200,2,FALSE) -> El Salvador | D58: =VLOOKUP(A58,Lists!$B$2:$G$200,3,FALSE) -> SLV | E58: =VLOOKUP(A58,Lists!$B$2:$G$200,5,FALSE) -> Political/economic crisis | F58: =IF(OR(N58="x",K58="x"),"x",ROUND((10-GEOMEAN(((10-K58)/10*9+1),((10-N58)/10*9+1),((10-N58)/10*9+1)))/9*7+Q58*0.3,1)) -> 5.8 | G58: {=_xlfn.IFS(F58="x", "x", F58<=2, 1, F58<=4, 2, F58<=6, 3, F58<=8, 4, F58<=10, 5)} -> 3 | H58: =IF(N58="x","x",IF(K58="x","x",(IF(G58=5,"Very High",IF(G58=4,"High",IF(G58=3,"Medium",IF(G58=2,"Low","Very Low"))))))) -> Medium | I58: =INDEX(Trends!$D$3:$D$404,MATCH(B58,Trends!$C$3:$C$404,0)) -> Increasing | J58: =VLOOKUP($B58,Reliability!$A$3:$I$300,9,FALSE) -> High | K58: =IF(OR(M58="x",L58="x"),"x",(10-GEOMEAN(((10-L58)/10*9+1),((10-M58)/10*9+1),((10-M58)/10*9+1)))/9*10) -> 6.7822858 | L58: =VLOOKUP($B58,'Impact of the crisis'!$C$6:$N$300,12,FALSE) -> 7.4489208 | M58: =VLOOKUP($B58,'Impact of the crisis'!$C$6:$AB$300,26,FALSE) -> 6.4047567 | N58: =VLOOKUP($B58,'Conditions of people affected'!$C$6:$R$300,16,FALSE) -> 6.1888065 | O58: =VLOOKUP($B58,'Conditions of people affected'!$C$6:$R$300,9,FALSE) -> 6.377613 | P58: =VLOOKUP($B58,'Conditions of people affected'!$C$6:$R$300,15,FALSE) -> 6 | Q58: =IF(OR(S58="x",R58="x"),R58,(10-GEOMEAN(((10-R58)/10*9+1),((10-S58)/10*9+1)))/9*10) -> 4.3047891 | R58: =VLOOKUP($B58,'Complexity of the crisis'!$C$6:$AN$300,22,FALSE) -> 4.5965146 | S58: =VLOOKUP($B58,'Complexity of the crisis'!$C$6:$AN$300,38,FALSE) -> 4 | T58: =VLOOKUP(B58,Lists!$C$3:$E$300,3,FALSE) -> Americas | U58: =VLOOKUP(B58,'INFORM Severity - hidden'!$C$5:$V$300,20,FALSE) -> 46081
A59: {=IFERROR(INDEX(Lists!$B$2:$B$200,SMALL(IF(Lists!$H$2:$H$200="Yes",ROW(Lists!$B$2:$B$200)),ROW(55:55))-1,1),"")} -> Complex crisis in Somalia | B59: =VLOOKUP(A59,Lists!$B$2:$G$200,2,FALSE) -> SOM001 | C59: =VLOOKUP(B59,'INFORM Severity - hidden'!$C$5:$D$200,2,FALSE) -> Somalia | D59: =VLOOKUP(A59,Lists!$B$2:$G$200,3,FALSE) -> SOM | E59: =VLOOKUP(A59,Lists!$B$2:$G$200,5,FALSE) -> Conflict/ Violence,International Displacement,Floods,Drought/drier conditions | F59: =IF(OR(N59="x",K59="x"),"x",ROUND((10-GEOMEAN(((10-K59)/10*9+1),((10-N59)/10*9+1),((10-N59)/10*9+1)))/9*7+Q59*0.3,1)) -> 8.8 | G59: {=_xlfn.IFS(F59="x", "x", F59<=2, 1, F59<=4, 2, F59<=6, 3, F59<=8, 4, F59<=10, 5)} -> 5 | H59: =IF(N59="x","x",IF(K59="x","x",(IF(G59=5,"Very High",IF(G59=4,"High",IF(G59=3,"Medium",IF(G59=2,"Low","Very Low"))))))) -> Very High | I59: =INDEX(Trends!$D$3:$D$404,MATCH(B59,Trends!$C$3:$C$404,0)) -> Stable | J59: =VLOOKUP($B59,Reliability!$A$3:$I$300,9,FALSE) -> Very High | K59: =IF(OR(M59="x",L59="x"),"x",(10-GEOMEAN(((10-L59)/10*9+1),((10-M59)/10*9+1),((10-M59)/10*9+1)))/9*10) -> 9.3196903 | L59: =VLOOKUP($B59,'Impact of the crisis'!$C$6:$N$300,12,FALSE) -> 9.4894865 | M59: =VLOOKUP($B59,'Impact of the crisis'!$C$6:$AB$300,26,FALSE) -> 9.2282371 | N59: =VLOOKUP($B59,'Conditions of people affected'!$C$6:$R$300,16,FALSE) -> 8.6338622 | O59: =VLOOKUP($B59,'Conditions of people affected'!$C$6:$R$300,9,FALSE) -> 9.2677244 | P59: =VLOOKUP($B59,'Conditions of people affected'!$C$6:$R$300,15,FALSE) -> 8 | Q59: =IF(OR(S59="x",R59="x"),R59,(10-GEOMEAN(((10-R59)/10*9+1),((10-S59)/10*9+1)))/9*10) -> 8.6597541 | R59: =VLOOKUP($B59,'Complexity of the crisis'!$C$6:$AN$300,22,FALSE) -> 7.381293 | S59: =VLOOKUP($B59,'Complexity of the crisis'!$C$6:$AN$300,38,FALSE) -> 9.5 | T59: =VLOOKUP(B59,Lists!$C$3:$E$300,3,FALSE) -> Africa | U59: =VLOOKUP(B59,'INFORM Severity - hidden'!$C$5:$V$300,20,FALSE) -> 46265
A60: {=IFERROR(INDEX(Lists!$B$2:$B$200,SMALL(IF(Lists!$H$2:$H$200="Yes",ROW(Lists!$B$2:$B$200)),ROW(56:56))-1,1),"")} -> Complex crisis in South Sudan | B60: =VLOOKUP(A60,Lists!$B$2:$G$200,2,FALSE) -> SSD001 | C60: =VLOOKUP(B60,'INFORM Severity - hidden'!$C$5:$D$200,2,FALSE) -> South Sudan | D60: =VLOOKUP(A60,Lists!$B$2:$G$200,3,FALSE) -> SSD | E60: =VLOOKUP(A60,Lists!$B$2:$G$200,5,FALSE) -> Conflict/ Violence,Floods,Political/economic crisis,International Displacement | F60: =IF(OR(N60="x",K60="x"),"x",ROUND((10-GEOMEAN(((10-K60)/10*9+1),((10-N60)/10*9+1),((10-N60)/10*9+1)))/9*7+Q60*0.3,1)) -> 9.5 | G60: {=_xlfn.IFS(F60="x", "x", F60<=2, 1, F60<=4, 2, F60<=6, 3, F60<=8, 4, F60<=10, 5)} -> 5 | H60: =IF(N60="x","x",IF(K60="x","x",(IF(G60=5,"Very High",IF(G60=4,"High",IF(G60=3,"Medium",IF(G60=2,"Low","Very Low"))))))) -> Very High | I60: =INDEX(Trends!$D$3:$D$404,MATCH(B60,Trends!$C$3:$C$404,0)) -> Increasing | J60: =VLOOKUP($B60,Reliability!$A$3:$I$300,9,FALSE) -> High | K60: =IF(OR(M60="x",L60="x"),"x",(10-GEOMEAN(((10-L60)/10*9+1),((10-M60)/10*9+1),((10-M60)/10*9+1)))/9*10) -> 9.298198 | L60: =VLOOKUP($B60,'Impact of the crisis'!$C$6:$N$300,12,FALSE) -> 9.3090703 | M60: =VLOOKUP($B60,'Impact of the crisis'!$C$6:$AB$300,26,FALSE) -> 9.2927372 | N60: =VLOOKUP($B60,'Conditions of people affected'!$C$6:$R$300,16,FALSE) -> 9.7811022 | O60: =VLOOKUP($B60,'Conditions of people affected'!$C$6:$R$300,9,FALSE) -> 9.9872043 | P60: =VLOOKUP($B60,'Conditions of people affected'!$C$6:$R$300,15,FALSE) -> 9.575 | Q60: =IF(OR(S60="x",R60="x"),R60,(10-GEOMEAN(((10-R60)/10*9+1),((10-S60)/10*9+1)))/9*10) -> 9.2285346 | R60: =VLOOKUP($B60,'Complexity of the crisis'!$C$6:$AN$300,22,FALSE) -> 7.9214261 | S60: =VLOOKUP($B60,'Complexity of the crisis'!$C$6:$AN$300,38,FALSE) -> 10 | T60: =VLOOKUP(B60,Lists!$C$3:$E$300,3,FALSE) -> Africa | U60: =VLOOKUP(B60,'INFORM Severity - hidden'!$C$5:$V$300,20,FALSE) -> 46234
A61: {=IFERROR(INDEX(Lists!$B$2:$B$200,SMALL(IF(Lists!$H$2:$H$200="Yes",ROW(Lists!$B$2:$B$200)),ROW(57:57))-1,1),"")} -> Drought in Eswatini | B61: =VLOOKUP(A61,Lists!$B$2:$G$200,2,FALSE) -> SWZ001 | C61: =VLOOKUP(B61,'INFORM Severity - hidden'!$C$5:$D$200,2,FALSE) -> Eswatini | D61: =VLOOKUP(A61,Lists!$B$2:$G$200,3,FALSE) -> SWZ | E61: =VLOOKUP(A61,Lists!$B$2:$G$200,5,FALSE) -> Drought/drier conditions | F61: =IF(OR(N61="x",K61="x"),"x",ROUND((10-GEOMEAN(((10-K61)/10*9+1),((10-N61)/10*9+1),((10-N61)/10*9+1)))/9*7+Q61*0.3,1)) -> 5.2 | G61: {=_xlfn.IFS(F61="x", "x", F61<=2, 1, F61<=4, 2, F61<=6, 3, F61<=8, 4, F61<=10, 5)} -> 3 | H61: =IF(N61="x","x",IF(K61="x","x",(IF(G61=5,"Very High",IF(G61=4,"High",IF(G61=3,"Medium",IF(G61=2,"Low","Very Low"))))))) -> Medium | I61: =INDEX(Trends!$D$3:$D$404,MATCH(B61,Trends!$C$3:$C$404,0)) -> Increasing | J61: =VLOOKUP($B61,Reliability!$A$3:$I$300,9,FALSE) -> High | K61: =IF(OR(M61="x",L61="x"),"x",(10-GEOMEAN(((10-L61)/10*9+1),((10-M61)/10*9+1),((10-M61)/10*9+1)))/9*10) -> 5.4170874 | L61: =VLOOKUP($B61,'Impact of the crisis'!$C$6:$N$300,12,FALSE) -> 6.2656089 | M61: =VLOOKUP($B61,'Impact of the crisis'!$C$6:$AB$300,26,FALSE) -> 4.9386338 | N61: =VLOOKUP($B61,'Conditions of people affected'!$C$6:$R$300,16,FALSE) -> 5.2439216 | O61: =VLOOKUP($B61,'Conditions of people affected'!$C$6:$R$300,9,FALSE) -> 4.4878432 | P61: =VLOOKUP($B61,'Conditions of people affected'!$C$6:$R$300,15,FALSE) -> 6 | Q61: =IF(OR(S61="x",R61="x"),R61,(10-GEOMEAN(((10-R61)/10*9+1),((10-S61)/10*9+1)))/9*10) -> 4.9441702 | R61: =VLOOKUP($B61,'Complexity of the crisis'!$C$6:$AN$300,22,FALSE) -> 5.7629792 | S61: =VLOOKUP($B61,'Complexity of the crisis'!$C$6:$AN$300,38,FALSE) -> 4 | T61: =VLOOKUP(B61,Lists!$C$3:$E$300,3,FALSE) -> Africa | U61: =VLOOKUP(B61,'INFORM Severity - hidden'!$C$5:$V$300,20,FALSE) -> 46259
A62: {=IFERROR(INDEX(Lists!$B$2:$B$200,SMALL(IF(Lists!$H$2:$H$200="Yes",ROW(Lists!$B$2:$B$200)),ROW(58:58))-1,1),"")} -> Complex crisis in Syria | B62: =VLOOKUP(A62,Lists!$B$2:$G$200,2,FALSE) -> SYR003 | C62: =VLOOKUP(B62,'INFORM Severity - hidden'!$C$5:$D$200,2,FALSE) -> Syria | D62: =VLOOKUP(A62,Lists!$B$2:$G$200,3,FALSE) -> SYR | E62: =VLOOKUP(A62,Lists!$B$2:$G$200,5,FALSE) -> Conflict/ Violence,Political/economic crisis,Drought/drier conditions | F62: =IF(OR(N62="x",K62="x"),"x",ROUND((10-GEOMEAN(((10-K62)/10*9+1),((10-N62)/10*9+1),((10-N62)/10*9+1)))/9*7+Q62*0.3,1)) -> 8.9 | G62: {=_xlfn.IFS(F62="x", "x", F62<=2, 1, F62<=4, 2, F62<=6, 3, F62<=8, 4, F62<=10, 5)} -> 5 | H62: =IF(N62="x","x",IF(K62="x","x",(IF(G62=5,"Very High",IF(G62=4,"High",IF(G62=3,"Medium",IF(G62=2,"Low","Very Low"))))))) -> Very High | I62: =INDEX(Trends!$D$3:$D$404,MATCH(B62,Trends!$C$3:$C$404,0)) -> Decreasing | J62: =VLOOKUP($B62,Reliability!$A$3:$I$300,9,FALSE) -> Very High | K62: =IF(OR(M62="x",L62="x"),"x",(10-GEOMEAN(((10-L62)/10*9+1),((10-M62)/10*9+1),((10-M62)/10*9+1)))/9*10) -> 9.3589288 | L62: =VLOOKUP($B62,'Impact of the crisis'!$C$6:$N$300,12,FALSE) -> 9.3309261 | M62: =VLOOKUP($B62,'Impact of the crisis'!$C$6:$AB$300,26,FALSE) -> 9.3727645 | N62: =VLOOKUP($B62,'Conditions of people affected'!$C$6:$R$300,16,FALSE) -> 9 | O62: =VLOOKUP($B62,'Conditions of people affected'!$C$6:$R$300,9,FALSE) -> 10 | P62: =VLOOKUP($B62,'Conditions of people affected'!$C$6:$R$300,15,FALSE) -> 8 | Q62: =IF(OR(S62="x",R62="x"),R62,(10-GEOMEAN(((10-R62)/10*9+1),((10-S62)/10*9+1)))/9*10) -> 8.3525616 | R62: =VLOOKUP($B62,'Complexity of the crisis'!$C$6:$AN$300,22,FALSE) -> 7.5065659 | S62: =VLOOKUP($B62,'Complexity of the crisis'!$C$6:$AN$300,38,FALSE) -> 9 | T62: =VLOOKUP(B62,Lists!$C$3:$E$300,3,FALSE) -> Middle east | U62: =VLOOKUP(B62,'INFORM Severity - hidden'!$C$5:$V$300,20,FALSE) -> 46265
A63: {=IFERROR(INDEX(Lists!$B$2:$B$200,SMALL(IF(Lists!$H$2:$H$200="Yes",ROW(Lists!$B$2:$B$200)),ROW(59:59))-1,1),"")} -> Complex crisis in Chad | B63: =VLOOKUP(A63,Lists!$B$2:$G$200,2,FALSE) -> TCD001 | C63: =VLOOKUP(B63,'INFORM Severity - hidden'!$C$5:$D$200,2,FALSE) -> Chad | D63: =VLOOKUP(A63,Lists!$B$2:$G$200,3,FALSE) -> TCD | E63: =VLOOKUP(A63,Lists!$B$2:$G$200,5,FALSE) -> Conflict/ Violence,Floods | F63: =IF(OR(N63="x",K63="x"),"x",ROUND((10-GEOMEAN(((10-K63)/10*9+1),((10-N63)/10*9+1),((10-N63)/10*9+1)))/9*7+Q63*0.3,1)) -> 8.4 | G63: {=_xlfn.IFS(F63="x", "x", F63<=2, 1, F63<=4, 2, F63<=6, 3, F63<=8, 4, F63<=10, 5)} -> 5 | H63: =IF(N63="x","x",IF(K63="x","x",(IF(G63=5,"Very High",IF(G63=4,"High",IF(G63=3,"Medium",IF(G63=2,"Low","Very Low"))))))) -> Very High | I63: =INDEX(Trends!$D$3:$D$404,MATCH(B63,Trends!$C$3:$C$404,0)) -> Increasing | J63: =VLOOKUP($B63,Reliability!$A$3:$I$300,9,FALSE) -> Very High | K63: =IF(OR(M63="x",L63="x"),"x",(10-GEOMEAN(((10-L63)/10*9+1),((10-M63)/10*9+1),((10-M63)/10*9+1)))/9*10) -> 9.1001127 | L63: =VLOOKUP($B63,'Impact of the crisis'!$C$6:$N$300,12,FALSE) -> 9.7423986 | M63: =VLOOKUP($B63,'Impact of the crisis'!$C$6:$AB$300,26,FALSE) -> 8.6735165 | N63: =VLOOKUP($B63,'Conditions of people affected'!$C$6:$R$300,16,FALSE) -> 8.4708435 | O63: =VLOOKUP($B63,'Conditions of people affected'!$C$6:$R$300,9,FALSE) -> 8.941687 | P63: =VLOOKUP($B63,'Conditions of people affected'!$C$6:$R$300,15,FALSE) -> 8 | Q63: =IF(OR(S63="x",R63="x"),R63,(10-GEOMEAN(((10-R63)/10*9+1),((10-S63)/10*9+1)))/9*10) -> 7.6441019 | R63: =VLOOKUP($B63,'Complexity of the crisis'!$C$6:$AN$300,22,FALSE) -> 7.2474905 | S63: =VLOOKUP($B63,'Complexity of the crisis'!$C$6:$AN$300,38,FALSE) -> 8 | T63: =VLOOKUP(B63,Lists!$C$3:$E$300,3,FALSE) -> Africa | U63: =VLOOKUP(B63,'INFORM Severity - hidden'!$C$5:$V$300,20,FALSE) -> 46260
A64: {=IFERROR(INDEX(Lists!$B$2:$B$200,SMALL(IF(Lists!$H$2:$H$200="Yes",ROW(Lists!$B$2:$B$200)),ROW(60:60))-1,1),"")} -> Conflict in Savanes region | B64: =VLOOKUP(A64,Lists!$B$2:$G$200,2,FALSE) -> TGO002 | C64: =VLOOKUP(B64,'INFORM Severity - hidden'!$C$5:$D$200,2,FALSE) -> Togo | D64: =VLOOKUP(A64,Lists!$B$2:$G$200,3,FALSE) -> TGO | E64: =VLOOKUP(A64,Lists!$B$2:$G$200,5,FALSE) -> Conflict/ Violence | F64: =IF(OR(N64="x",K64="x"),"x",ROUND((10-GEOMEAN(((10-K64)/10*9+1),((10-N64)/10*9+1),((10-N64)/10*9+1)))/9*7+Q64*0.3,1)) -> 4.6 | G64: {=_xlfn.IFS(F64="x", "x", F64<=2, 1, F64<=4, 2, F64<=6, 3, F64<=8, 4, F64<=10, 5)} -> 3 | H64: =IF(N64="x","x",IF(K64="x","x",(IF(G64=5,"Very High",IF(G64=4,"High",IF(G64=3,"Medium",IF(G64=2,"Low","Very Low"))))))) -> Medium | I64: =INDEX(Trends!$D$3:$D$404,MATCH(B64,Trends!$C$3:$C$404,0)) -> Increasing | J64: =VLOOKUP($B64,Reliability!$A$3:$I$300,9,FALSE) -> High | K64: =IF(OR(M64="x",L64="x"),"x",(10-GEOMEAN(((10-L64)/10*9+1),((10-M64)/10*9+1),((10-M64)/10*9+1)))/9*10) -> 2.9612179 | L64: =VLOOKUP($B64,'Impact of the crisis'!$C$6:$N$300,12,FALSE) -> 1.6070149 | M64: =VLOOKUP($B64,'Impact of the crisis'!$C$6:$AB$300,26,FALSE) -> 3.5641439 | N64: =VLOOKUP($B64,'Conditions of people affected'!$C$6:$R$300,16,FALSE) -> 4.9204806 | O64: =VLOOKUP($B64,'Conditions of people affected'!$C$6:$R$300,9,FALSE) -> 3.8409611 | P64: =VLOOKUP($B64,'Conditions of people affected'!$C$6:$R$300,15,FALSE) -> 6 | Q64: =IF(OR(S64="x",R64="x"),R64,(10-GEOMEAN(((10-R64)/10*9+1),((10-S64)/10*9+1)))/9*10) -> 5.309217 | R64: =VLOOKUP($B64,'Complexity of the crisis'!$C$6:$AN$300,22,FALSE) -> 5.6027878 | S64: =VLOOKUP($B64,'Complexity of the crisis'!$C$6:$AN$300,38,FALSE) -> 5 | T64: =VLOOKUP(B64,Lists!$C$3:$E$300,3,FALSE) -> Africa | U64: =VLOOKUP(B64,'INFORM Severity - hidden'!$C$5:$V$300,20,FALSE) -> 46260
A65: {=IFERROR(INDEX(Lists!$B$2:$B$200,SMALL(IF(Lists!$H$2:$H$200="Yes",ROW(Lists!$B$2:$B$200)),ROW(61:61))-1,1),"")} -> Displacement from Myanmar to Thailand | B65: =VLOOKUP(A65,Lists!$B$2:$G$200,2,FALSE) -> THA003 | C65: =VLOOKUP(B65,'INFORM Severity - hidden'!$C$5:$D$200,2,FALSE) -> Thailand | D65: =VLOOKUP(A65,Lists!$B$2:$G$200,3,FALSE) -> THA | E65: =VLOOKUP(A65,Lists!$B$2:$G$200,5,FALSE) -> International Displacement | F65: =IF(OR(N65="x",K65="x"),"x",ROUND((10-GEOMEAN(((10-K65)/10*9+1),((10-N65)/10*9+1),((10-N65)/10*9+1)))/9*7+Q65*0.3,1)) -> 4.4 | G65: {=_xlfn.IFS(F65="x", "x", F65<=2, 1, F65<=4, 2, F65<=6, 3, F65<=8, 4, F65<=10, 5)} -> 3 | H65: =IF(N65="x","x",IF(K65="x","x",(IF(G65=5,"Very High",IF(G65=4,"High",IF(G65=3,"Medium",IF(G65=2,"Low","Very Low"))))))) -> Medium | I65: =INDEX(Trends!$D$3:$D$404,MATCH(B65,Trends!$C$3:$C$404,0)) -> Increasing | J65: =VLOOKUP($B65,Reliability!$A$3:$I$300,9,FALSE) -> Very High | K65: =IF(OR(M65="x",L65="x"),"x",(10-GEOMEAN(((10-L65)/10*9+1),((10-M65)/10*9+1),((10-M65)/10*9+1)))/9*10) -> 3.147817 | L65: =VLOOKUP($B65,'Impact of the crisis'!$C$6:$N$300,12,FALSE) -> 0.94918089 | M65: =VLOOKUP($B65,'Impact of the crisis'!$C$6:$AB$300,26,FALSE) -> 4.0617294 | N65: =VLOOKUP($B65,'Conditions of people affected'!$C$6:$R$300,16,FALSE) -> 4.8945343 | O65: =VLOOKUP($B65,'Conditions of people affected'!$C$6:$R$300,9,FALSE) -> 3.7890686 | P65: =VLOOKUP($B65,'Conditions of people affected'!$C$6:$R$300,15,FALSE) -> 6 | Q65: =IF(OR(S65="x",R65="x"),R65,(10-GEOMEAN(((10-R65)/10*9+1),((10-S65)/10*9+1)))/9*10) -> 4.3396619 | R65: =VLOOKUP($B65,'Complexity of the crisis'!$C$6:$AN$300,22,FALSE) -> 4.1754351 | S65: =VLOOKUP($B65,'Complexity of the crisis'!$C$6:$AN$300,38,FALSE) -> 4.5 | T65: =VLOOKUP(B65,Lists!$C$3:$E$300,3,FALSE) -> Asia | U65: =VLOOKUP(B65,'INFORM Severity - hidden'!$C$5:$V$300,20,FALSE) -> 46265
A66: {=IFERROR(INDEX(Lists!$B$2:$B$200,SMALL(IF(Lists!$H$2:$H$200="Yes",ROW(Lists!$B$2:$B$200)),ROW(62:62))-1,1),"")} -> Displacement from Venezuela to Trinidad and Tobago | B66: =VLOOKUP(A66,Lists!$B$2:$G$200,2,FALSE) -> TTO002 | C66: =VLOOKUP(B66,'INFORM Severity - hidden'!$C$5:$D$200,2,FALSE) -> Trinidad and Tobago | D66: =VLOOKUP(A66,Lists!$B$2:$G$200,3,FALSE) -> TTO | E66: =VLOOKUP(A66,Lists!$B$2:$G$200,5,FALSE) -> International Displacement | F66: =IF(OR(N66="x",K66="x"),"x",ROUND((10-GEOMEAN(((10-K66)/10*9+1),((10-N66)/10*9+1),((10-N66)/10*9+1)))/9*7+Q66*0.3,1)) -> 3.3 | G66: {=_xlfn.IFS(F66="x", "x", F66<=2, 1, F66<=4, 2, F66<=6, 3, F66<=8, 4, F66<=10, 5)} -> 2 | H66: =IF(N66="x","x",IF(K66="x","x",(IF(G66=5,"Very High",IF(G66=4,"High",IF(G66=3,"Medium",IF(G66=2,"Low","Very Low"))))))) -> Low | I66: =INDEX(Trends!$D$3:$D$404,MATCH(B66,Trends!$C$3:$C$404,0)) -> Increasing | J66: =VLOOKUP($B66,Reliability!$A$3:$I$300,9,FALSE) -> High | K66: =IF(OR(M66="x",L66="x"),"x",(10-GEOMEAN(((10-L66)/10*9+1),((10-M66)/10*9+1),((10-M66)/10*9+1)))/9*10) -> 4.581017 | L66: =VLOOKUP($B66,'Impact of the crisis'!$C$6:$N$300,12,FALSE) -> 5.8937694 | M66: =VLOOKUP($B66,'Impact of the crisis'!$C$6:$AB$300,26,FALSE) -> 3.8055342 | N66: =VLOOKUP($B66,'Conditions of people affected'!$C$6:$R$300,16,FALSE) -> 2.3936854 | O66: =VLOOKUP($B66,'Conditions of people affected'!$C$6:$R$300,9,FALSE) -> 1.2673708 | P66: =VLOOKUP($B66,'Conditions of people affected'!$C$6:$R$300,15,FALSE) -> 3.52 | Q66: =IF(OR(S66="x",R66="x"),R66,(10-GEOMEAN(((10-R66)/10*9+1),((10-S66)/10*9+1)))/9*10) -> 3.6388934 | R66: =VLOOKUP($B66,'Complexity of the crisis'!$C$6:$AN$300,22,FALSE) -> 3.7752521 | S66: =VLOOKUP($B66,'Complexity of the crisis'!$C$6:$AN$300,38,FALSE) -> 3.5 | T66: =VLOOKUP(B66,Lists!$C$3:$E$300,3,FALSE) -> Americas | U66: =VLOOKUP(B66,'INFORM Severity - hidden'!$C$5:$V$300,20,FALSE) -> 46265
A67: {=IFERROR(INDEX(Lists!$B$2:$B$200,SMALL(IF(Lists!$H$2:$H$200="Yes",ROW(Lists!$B$2:$B$200)),ROW(63:63))-1,1),"")} -> International displacement to Tunisia | B67: =VLOOKUP(A67,Lists!$B$2:$G$200,2,FALSE) -> TUN002 | C67: =VLOOKUP(B67,'INFORM Severity - hidden'!$C$5:$D$200,2,FALSE) -> Tunisia | D67: =VLOOKUP(A67,Lists!$B$2:$G$200,3,FALSE) -> TUN | E67: =VLOOKUP(A67,Lists!$B$2:$G$200,5,FALSE) -> International Displacement | F67: =IF(OR(N67="x",K67="x"),"x",ROUND((10-GEOMEAN(((10-K67)/10*9+1),((10-N67)/10*9+1),((10-N67)/10*9+1)))/9*7+Q67*0.3,1)) -> 4 | G67: {=_xlfn.IFS(F67="x", "x", F67<=2, 1, F67<=4, 2, F67<=6, 3, F67<=8, 4, F67<=10, 5)} -> 2 | H67: =IF(N67="x","x",IF(K67="x","x",(IF(G67=5,"Very High",IF(G67=4,"High",IF(G67=3,"Medium",IF(G67=2,"Low","Very Low"))))))) -> Low | I67: =INDEX(Trends!$D$3:$D$404,MATCH(B67,Trends!$C$3:$C$404,0)) -> Increasing | J67: =VLOOKUP($B67,Reliability!$A$3:$I$300,9,FALSE) -> High | K67: =IF(OR(M67="x",L67="x"),"x",(10-GEOMEAN(((10-L67)/10*9+1),((10-M67)/10*9+1),((10-M67)/10*9+1)))/9*10) -> 4.8984347 | L67: =VLOOKUP($B67,'Impact of the crisis'!$C$6:$N$300,12,FALSE) -> 3.2067232 | M67: =VLOOKUP($B67,'Impact of the crisis'!$C$6:$AB$300,26,FALSE) -> 5.6032374 | N67: =VLOOKUP($B67,'Conditions of people affected'!$C$6:$R$300,16,FALSE) -> 2.9693972 | O67: =VLOOKUP($B67,'Conditions of people affected'!$C$6:$R$300,9,FALSE) -> 2.6872666 | P67: =VLOOKUP($B67,'Conditions of people affected'!$C$6:$R$300,15,FALSE) -> 3.2515277 | Q67: =IF(OR(S67="x",R67="x"),R67,(10-GEOMEAN(((10-R67)/10*9+1),((10-S67)/10*9+1)))/9*10) -> 4.6999309 | R67: =VLOOKUP($B67,'Complexity of the crisis'!$C$6:$AN$300,22,FALSE) -> 4.8938156 | S67: =VLOOKUP($B67,'Complexity of the crisis'!$C$6:$AN$300,38,FALSE) -> 4.5 | T67: =VLOOKUP(B67,Lists!$C$3:$E$300,3,FALSE) -> Africa | U67: =VLOOKUP(B67,'INFORM Severity - hidden'!$C$5:$V$300,20,FALSE) -> 46265
A68: {=IFERROR(INDEX(Lists!$B$2:$B$200,SMALL(IF(Lists!$H$2:$H$200="Yes",ROW(Lists!$B$2:$B$200)),ROW(64:64))-1,1),"")} -> Multiple Crises in Türkiye | B68: =VLOOKUP(A68,Lists!$B$2:$G$200,2,FALSE) -> TUR001 | C68: =VLOOKUP(B68,'INFORM Severity - hidden'!$C$5:$D$200,2,FALSE) -> Turkey | D68: =VLOOKUP(A68,Lists!$B$2:$G$200,3,FALSE) -> TUR | E68: =VLOOKUP(A68,Lists!$B$2:$G$200,5,FALSE) -> International Displacement,Earthquake | F68: =IF(OR(N68="x",K68="x"),"x",ROUND((10-GEOMEAN(((10-K68)/10*9+1),((10-N68)/10*9+1),((10-N68)/10*9+1)))/9*7+Q68*0.3,1)) -> 7 | G68: {=_xlfn.IFS(F68="x", "x", F68<=2, 1, F68<=4, 2, F68<=6, 3, F68<=8, 4, F68<=10, 5)} -> 4 | H68: =IF(N68="x","x",IF(K68="x","x",(IF(G68=5,"Very High",IF(G68=4,"High",IF(G68=3,"Medium",IF(G68=2,"Low","Very Low"))))))) -> High | I68: =INDEX(Trends!$D$3:$D$404,MATCH(B68,Trends!$C$3:$C$404,0)) -> Stable | J68: =VLOOKUP($B68,Reliability!$A$3:$I$300,9,FALSE) -> Very High | K68: =IF(OR(M68="x",L68="x"),"x",(10-GEOMEAN(((10-L68)/10*9+1),((10-M68)/10*9+1),((10-M68)/10*9+1)))/9*10) -> 6.7783894 | L68: =VLOOKUP($B68,'Impact of the crisis'!$C$6:$N$300,12,FALSE) -> 7.0395669 | M68: =VLOOKUP($B68,'Impact of the crisis'!$C$6:$AB$300,26,FALSE) -> 6.6415835 | N68: =VLOOKUP($B68,'Conditions of people affected'!$C$6:$R$300,16,FALSE) -> 7.7575816 | O68: =VLOOKUP($B68,'Conditions of people affected'!$C$6:$R$300,9,FALSE) -> 9.5151631 | P68: =VLOOKUP($B68,'Conditions of people affected'!$C$6:$R$300,15,FALSE) -> 6 | Q68: =IF(OR(S68="x",R68="x"),R68,(10-GEOMEAN(((10-R68)/10*9+1),((10-S68)/10*9+1)))/9*10) -> 6.0659236 | R68: =VLOOKUP($B68,'Complexity of the crisis'!$C$6:$AN$300,22,FALSE) -> 5.5909846 | S68: =VLOOKUP($B68,'Complexity of the crisis'!$C$6:$AN$300,38,FALSE) -> 6.5 | T68: =VLOOKUP(B68,Lists!$C$3:$E$300,3,FALSE) -> Middle east | U68: =VLOOKUP(B68,'INFORM Severity - hidden'!$C$5:$V$300,20,FALSE) -> 46265
A69: {=IFERROR(INDEX(Lists!$B$2:$B$200,SMALL(IF(Lists!$H$2:$H$200="Yes",ROW(Lists!$B$2:$B$200)),ROW(65:65))-1,1),"")} -> Multiple Crises in Tanzania | B69: =VLOOKUP(A69,Lists!$B$2:$G$200,2,FALSE) -> TZA001 | C69: =VLOOKUP(B69,'INFORM Severity - hidden'!$C$5:$D$200,2,FALSE) -> Tanzania | D69: =VLOOKUP(A69,Lists!$B$2:$G$200,3,FALSE) -> TZA | E69: =VLOOKUP(A69,Lists!$B$2:$G$200,5,FALSE) -> International Displacement,Drought/drier conditions,Floods | F69: =IF(OR(N69="x",K69="x"),"x",ROUND((10-GEOMEAN(((10-K69)/10*9+1),((10-N69)/10*9+1),((10-N69)/10*9+1)))/9*7+Q69*0.3,1)) -> 5.5 | G69: {=_xlfn.IFS(F69="x", "x", F69<=2, 1, F69<=4, 2, F69<=6, 3, F69<=8, 4, F69<=10, 5)} -> 3 | H69: =IF(N69="x","x",IF(K69="x","x",(IF(G69=5,"Very High",IF(G69=4,"High",IF(G69=3,"Medium",IF(G69=2,"Low","Very Low"))))))) -> Medium | I69: =INDEX(Trends!$D$3:$D$404,MATCH(B69,Trends!$C$3:$C$404,0)) -> Decreasing | J69: =VLOOKUP($B69,Reliability!$A$3:$I$300,9,FALSE) -> High | K69: =IF(OR(M69="x",L69="x"),"x",(10-GEOMEAN(((10-L69)/10*9+1),((10-M69)/10*9+1),((10-M69)/10*9+1)))/9*10) -> 4.7900518 | L69: =VLOOKUP($B69,'Impact of the crisis'!$C$6:$N$300,12,FALSE) -> 5.3471307 | M69: =VLOOKUP($B69,'Impact of the crisis'!$C$6:$AB$300,26,FALSE) -> 4.491636 | N69: =VLOOKUP($B69,'Conditions of people affected'!$C$6:$R$300,16,FALSE) -> 5.9495234 | O69: =VLOOKUP($B69,'Conditions of people affected'!$C$6:$R$300,9,FALSE) -> 6.0160689 | P69: =VLOOKUP($B69,'Conditions of people affected'!$C$6:$R$300,15,FALSE) -> 5.8829779 | Q69: =IF(OR(S69="x",R69="x"),R69,(10-GEOMEAN(((10-R69)/10*9+1),((10-S69)/10*9+1)))/9*10) -> 5.3524993 | R69: =VLOOKUP($B69,'Complexity of the crisis'!$C$6:$AN$300,22,FALSE) -> 5.2011212 | S69: =VLOOKUP($B69,'Complexity of the crisis'!$C$6:$AN$300,38,FALSE) -> 5.5 | T69: =VLOOKUP(B69,Lists!$C$3:$E$300,3,FALSE) -> Africa | U69: =VLOOKUP(B69,'INFORM Severity - hidden'!$C$5:$V$300,20,FALSE) -> 46261
A70: {=IFERROR(INDEX(Lists!$B$2:$B$200,SMALL(IF(Lists!$H$2:$H$200="Yes",ROW(Lists!$B$2:$B$200)),ROW(66:66))-1,1),"")} -> Conflict in Ukraine | B70: =VLOOKUP(A70,Lists!$B$2:$G$200,2,FALSE) -> UKR002 | C70: =VLOOKUP(B70,'INFORM Severity - hidden'!$C$5:$D$200,2,FALSE) -> Ukraine | D70: =VLOOKUP(A70,Lists!$B$2:$G$200,3,FALSE) -> UKR | E70: =VLOOKUP(A70,Lists!$B$2:$G$200,5,FALSE) -> Conflict/ Violence | F70: =IF(OR(N70="x",K70="x"),"x",ROUND((10-GEOMEAN(((10-K70)/10*9+1),((10-N70)/10*9+1),((10-N70)/10*9+1)))/9*7+Q70*0.3,1)) -> 9.1 | G70: {=_xlfn.IFS(F70="x", "x", F70<=2, 1, F70<=4, 2, F70<=6, 3, F70<=8, 4, F70<=10, 5)} -> 5 | H70: =IF(N70="x","x",IF(K70="x","x",(IF(G70=5,"Very High",IF(G70=4,"High",IF(G70=3,"Medium",IF(G70=2,"Low","Very Low"))))))) -> Very High | I70: =INDEX(Trends!$D$3:$D$404,MATCH(B70,Trends!$C$3:$C$404,0)) -> Decreasing | J70: =VLOOKUP($B70,Reliability!$A$3:$I$300,9,FALSE) -> Very High | K70: =IF(OR(M70="x",L70="x"),"x",(10-GEOMEAN(((10-L70)/10*9+1),((10-M70)/10*9+1),((10-M70)/10*9+1)))/9*10) -> 9.0637279 | L70: =VLOOKUP($B70,'Impact of the crisis'!$C$6:$N$300,12,FALSE) -> 9.8302713 | M70: =VLOOKUP($B70,'Impact of the crisis'!$C$6:$AB$300,26,FALSE) -> 8.5225924 | N70: =VLOOKUP($B70,'Conditions of people affected'!$C$6:$R$300,16,FALSE) -> 9.709166 | O70: =VLOOKUP($B70,'Conditions of people affected'!$C$6:$R$300,9,FALSE) -> 10 | P70: =VLOOKUP($B70,'Conditions of people affected'!$C$6:$R$300,15,FALSE) -> 9.4183319 | Q70: =IF(OR(S70="x",R70="x"),R70,(10-GEOMEAN(((10-R70)/10*9+1),((10-S70)/10*9+1)))/9*10) -> 8.0979039 | R70: =VLOOKUP($B70,'Complexity of the crisis'!$C$6:$AN$300,22,FALSE) -> 5.4756104 | S70: =VLOOKUP($B70,'Complexity of the crisis'!$C$6:$AN$300,38,FALSE) -> 9.5 | T70: =VLOOKUP(B70,Lists!$C$3:$E$300,3,FALSE) -> Europe | U70: =VLOOKUP(B70,'INFORM Severity - hidden'!$C$5:$V$300,20,FALSE) -> 46265
A71: {=IFERROR(INDEX(Lists!$B$2:$B$200,SMALL(IF(Lists!$H$2:$H$200="Yes",ROW(Lists!$B$2:$B$200)),ROW(67:67))-1,1),"")} -> Multiple Crises in Venezuela | B71: =VLOOKUP(A71,Lists!$B$2:$G$200,2,FALSE) -> VEN003 | C71: =VLOOKUP(B71,'INFORM Severity - hidden'!$C$5:$D$200,2,FALSE) -> Venezuela | D71: =VLOOKUP(A71,Lists!$B$2:$G$200,3,FALSE) -> VEN | E71: =VLOOKUP(A71,Lists!$B$2:$G$200,5,FALSE) -> Earthquake,Political/economic crisis,Conflict/ Violence | F71: =IF(OR(N71="x",K71="x"),"x",ROUND((10-GEOMEAN(((10-K71)/10*9+1),((10-N71)/10*9+1),((10-N71)/10*9+1)))/9*7+Q71*0.3,1)) -> 8.5 | G71: {=_xlfn.IFS(F71="x", "x", F71<=2, 1, F71<=4, 2, F71<=6, 3, F71<=8, 4, F71<=10, 5)} -> 5 | H71: =IF(N71="x","x",IF(K71="x","x",(IF(G71=5,"Very High",IF(G71=4,"High",IF(G71=3,"Medium",IF(G71=2,"Low","Very Low"))))))) -> Very High | I71: =INDEX(Trends!$D$3:$D$404,MATCH(B71,Trends!$C$3:$C$404,0)) -> - | J71: =VLOOKUP($B71,Reliability!$A$3:$I$300,9,FALSE) -> High | K71: =IF(OR(M71="x",L71="x"),"x",(10-GEOMEAN(((10-L71)/10*9+1),((10-M71)/10*9+1),((10-M71)/10*9+1)))/9*10) -> 9.8012338 | L71: =VLOOKUP($B71,'Impact of the crisis'!$C$6:$N$300,12,FALSE) -> 9.8796805 | M71: =VLOOKUP($B71,'Impact of the crisis'!$C$6:$AB$300,26,FALSE) -> 9.7601559 | N71: =VLOOKUP($B71,'Conditions of people affected'!$C$6:$R$300,16,FALSE) -> 8.5227463 | O71: =VLOOKUP($B71,'Conditions of people affected'!$C$6:$R$300,9,FALSE) -> 9.7823347 | P71: =VLOOKUP($B71,'Conditions of people affected'!$C$6:$R$300,15,FALSE) -> 7.2631579 | Q71: =IF(OR(S71="x",R71="x"),R71,(10-GEOMEAN(((10-R71)/10*9+1),((10-S71)/10*9+1)))/9*10) -> 7.3837039 | R71: =VLOOKUP($B71,'Complexity of the crisis'!$C$6:$AN$300,22,FALSE) -> 7.2636624 | S71: =VLOOKUP($B71,'Complexity of the crisis'!$C$6:$AN$300,38,FALSE) -> 7.5 | T71: =VLOOKUP(B71,Lists!$C$3:$E$300,3,FALSE) -> Americas | U71: =VLOOKUP(B71,'INFORM Severity - hidden'!$C$5:$V$300,20,FALSE) -> 46265
A72: {=IFERROR(INDEX(Lists!$B$2:$B$200,SMALL(IF(Lists!$H$2:$H$200="Yes",ROW(Lists!$B$2:$B$200)),ROW(68:68))-1,1),"")} -> Complex crisis in Yemen | B72: =VLOOKUP(A72,Lists!$B$2:$G$200,2,FALSE) -> YEM001 | C72: =VLOOKUP(B72,'INFORM Severity - hidden'!$C$5:$D$200,2,FALSE) -> Yemen | D72: =VLOOKUP(A72,Lists!$B$2:$G$200,3,FALSE) -> YEM | E72: =VLOOKUP(A72,Lists!$B$2:$G$200,5,FALSE) -> Conflict/ Violence,Drought/drier conditions,Political/economic crisis,Floods | F72: =IF(OR(N72="x",K72="x"),"x",ROUND((10-GEOMEAN(((10-K72)/10*9+1),((10-N72)/10*9+1),((10-N72)/10*9+1)))/9*7+Q72*0.3,1)) -> 9.2 | G72: {=_xlfn.IFS(F72="x", "x", F72<=2, 1, F72<=4, 2, F72<=6, 3, F72<=8, 4, F72<=10, 5)} -> 5 | H72: =IF(N72="x","x",IF(K72="x","x",(IF(G72=5,"Very High",IF(G72=4,"High",IF(G72=3,"Medium",IF(G72=2,"Low","Very Low"))))))) -> Very High | I72: =INDEX(Trends!$D$3:$D$404,MATCH(B72,Trends!$C$3:$C$404,0)) -> Stable | J72: =VLOOKUP($B72,Reliability!$A$3:$I$300,9,FALSE) -> High | K72: =IF(OR(M72="x",L72="x"),"x",(10-GEOMEAN(((10-L72)/10*9+1),((10-M72)/10*9+1),((10-M72)/10*9+1)))/9*10) -> 9.5877049 | L72: =VLOOKUP($B72,'Impact of the crisis'!$C$6:$N$300,12,FALSE) -> 9.7888954 | M72: =VLOOKUP($B72,'Impact of the crisis'!$C$6:$AB$300,26,FALSE) -> 9.4759054 | N72: =VLOOKUP($B72,'Conditions of people affected'!$C$6:$R$300,16,FALSE) -> 9 | O72: =VLOOKUP($B72,'Conditions of people affected'!$C$6:$R$300,9,FALSE) -> 10 | P72: =VLOOKUP($B72,'Conditions of people affected'!$C$6:$R$300,15,FALSE) -> 8 | Q72: =IF(OR(S72="x",R72="x"),R72,(10-GEOMEAN(((10-R72)/10*9+1),((10-S72)/10*9+1)))/9*10) -> 9.2827432 | R72: =VLOOKUP($B72,'Complexity of the crisis'!$C$6:$AN$300,22,FALSE) -> 8.1024748 | S72: =VLOOKUP($B72,'Complexity of the crisis'!$C$6:$AN$300,38,FALSE) -> 10 | T72: =VLOOKUP(B72,Lists!$C$3:$E$300,3,FALSE) -> Middle east | U72: =VLOOKUP(B72,'INFORM Severity - hidden'!$C$5:$V$300,20,FALSE) -> 46265
A73: {=IFERROR(INDEX(Lists!$B$2:$B$200,SMALL(IF(Lists!$H$2:$H$200="Yes",ROW(Lists!$B$2:$B$200)),ROW(69:69))-1,1),"")} -> Drought in Zambia | B73: =VLOOKUP(A73,Lists!$B$2:$G$200,2,FALSE) -> ZMB002 | C73: =VLOOKUP(B73,'INFORM Severity - hidden'!$C$5:$D$200,2,FALSE) -> Zambia | D73: =VLOOKUP(A73,Lists!$B$2:$G$200,3,FALSE) -> ZMB | E73: =VLOOKUP(A73,Lists!$B$2:$G$200,5,FALSE) -> Drought/drier conditions | F73: =IF(OR(N73="x",K73="x"),"x",ROUND((10-GEOMEAN(((10-K73)/10*9+1),((10-N73)/10*9+1),((10-N73)/10*9+1)))/9*7+Q73*0.3,1)) -> 6.2 | G73: {=_xlfn.IFS(F73="x", "x", F73<=2, 1, F73<=4, 2, F73<=6, 3, F73<=8, 4, F73<=10, 5)} -> 4 | H73: =IF(N73="x","x",IF(K73="x","x",(IF(G73=5,"Very High",IF(G73=4,"High",IF(G73=3,"Medium",IF(G73=2,"Low","Very Low"))))))) -> High | I73: =INDEX(Trends!$D$3:$D$404,MATCH(B73,Trends!$C$3:$C$404,0)) -> Decreasing | J73: =VLOOKUP($B73,Reliability!$A$3:$I$300,9,FALSE) -> High | K73: =IF(OR(M73="x",L73="x"),"x",(10-GEOMEAN(((10-L73)/10*9+1),((10-M73)/10*9+1),((10-M73)/10*9+1)))/9*10) -> 7.4810669 | L73: =VLOOKUP($B73,'Impact of the crisis'!$C$6:$N$300,12,FALSE) -> 9.2541748 | M73: =VLOOKUP($B73,'Impact of the crisis'!$C$6:$AB$300,26,FALSE) -> 6.0357217 | N73: =VLOOKUP($B73,'Conditions of people affected'!$C$6:$R$300,16,FALSE) -> 5.8052858 | O73: =VLOOKUP($B73,'Conditions of people affected'!$C$6:$R$300,9,FALSE) -> 6.1461847 | P73: =VLOOKUP($B73,'Conditions of people affected'!$C$6:$R$300,15,FALSE) -> 5.4643869 | Q73: =IF(OR(S73="x",R73="x"),R73,(10-GEOMEAN(((10-R73)/10*9+1),((10-S73)/10*9+1)))/9*10) -> 5.583791 | R73: =VLOOKUP($B73,'Complexity of the crisis'!$C$6:$AN$300,22,FALSE) -> 5.1336892 | S73: =VLOOKUP($B73,'Complexity of the crisis'!$C$6:$AN$300,38,FALSE) -> 6 | T73: =VLOOKUP(B73,Lists!$C$3:$E$300,3,FALSE) -> Africa | U73: =VLOOKUP(B73,'INFORM Severity - hidden'!$C$5:$V$300,20,FALSE) -> 46265
